family,model,hf_model_id,benchmark,condition,n,correct,accuracy,result_file
qwen,Qwen/Qwen2.5-7B-Instruct,Qwen/Qwen2.5-7B-Instruct,gsm_symbolic,zero_shot_baseline,200,166,0.83,/content/drive/MyDrive/COMP6242/Project/llm-failure/llm-failure-7b-results/raw/qwen__gsm_symbolic__zero_shot_baseline__20260519_085203__gsm_symbolic__Qwen_Qwen2-5-7B-Instruct__gsm_symbolic__20260519_0853.json
qwen,Qwen/Qwen2.5-7B-Instruct,Qwen/Qwen2.5-7B-Instruct,gsm_symbolic,zero_shot,200,107,0.535,/content/drive/MyDrive/COMP6242/Project/llm-failure/llm-failure-7b-results/raw/qwen__gsm_symbolic__zero_shot__20260519_095905__gsm_symbolic__Qwen_Qwen2-5-7B-Instruct__gsm_symbolic__20260519_1000.json
qwen,Qwen/Qwen2.5-7B-Instruct,Qwen/Qwen2.5-7B-Instruct,gsm_symbolic,targeted_few_shot_answer_only,200,125,0.625,/content/drive/MyDrive/COMP6242/Project/llm-failure/llm-failure-7b-results/raw/qwen__gsm_symbolic__targeted_few_shot_answer_only__20260519_111307__gsm_symbolic__Qwen_Qwen2-5-7B-Instruct__gsm_symbolic__20260519_1115.json
qwen,Qwen/Qwen2.5-7B-Instruct,Qwen/Qwen2.5-7B-Instruct,gsm_symbolic,random_few_shot,200,143,0.715,/content/drive/MyDrive/COMP6242/Project/llm-failure/llm-failure-7b-results/raw/qwen__gsm_symbolic__random_few_shot__20260519_121449__gsm_symbolic__Qwen_Qwen2-5-7B-Instruct__gsm_symbolic__20260519_1216.json
qwen,Qwen/Qwen2.5-7B-Instruct,Qwen/Qwen2.5-7B-Instruct,gsm_symbolic,targeted_few_shot,200,148,0.74,/content/drive/MyDrive/COMP6242/Project/llm-failure/llm-failure-7b-results/raw/qwen__gsm_symbolic__targeted_few_shot__20260519_131022__gsm_symbolic__Qwen_Qwen2-5-7B-Instruct__gsm_symbolic__20260519_1312.json
qwen,Qwen/Qwen2.5-7B-Instruct,Qwen/Qwen2.5-7B-Instruct,gsm_symbolic,targeted_few_shot_k5,200,132,0.66,/content/drive/MyDrive/COMP6242/Project/llm-failure/llm-failure-7b-results/raw/qwen__gsm_symbolic__targeted_few_shot_k5__20260519_141850__gsm_symbolic__Qwen_Qwen2-5-7B-Instruct__gsm_symbolic__20260519_1420.json
qwen,Qwen/Qwen2.5-7B-Instruct,Qwen/Qwen2.5-7B-Instruct,gsm_symbolic,error_targeted_icl,200,146,0.73,/content/drive/MyDrive/COMP6242/Project/llm-failure/llm-failure-7b-results/raw/qwen__gsm_symbolic__error_targeted_icl__20260519_205650__gsm_symbolic__Qwen_Qwen2-5-7B-Instruct__gsm_symbolic__20260519_2058.json
qwen,Qwen/Qwen2.5-7B-Instruct,Qwen/Qwen2.5-7B-Instruct,gsm_symbolic,error_targeted_icl_random,200,152,0.76,/content/drive/MyDrive/COMP6242/Project/llm-failure/llm-failure-7b-results/raw/qwen__gsm_symbolic__error_targeted_icl_random__20260519_215456__gsm_symbolic__Qwen_Qwen2-5-7B-Instruct__gsm_symbolic__20260519_2156.json
qwen,Qwen/Qwen2.5-7B-Instruct,Qwen/Qwen2.5-7B-Instruct,gsm_symbolic,error_targeted_icl_correct_only,200,187,0.935,/content/drive/MyDrive/COMP6242/Project/llm-failure/llm-failure-7b-results/raw/qwen__gsm_symbolic__error_targeted_icl_correct_only__20260519_225301__gsm_symbolic__Qwen_Qwen2-5-7B-Instruct__gsm_symbolic__20260519_2254.json
qwen,Qwen/Qwen2.5-7B-Instruct,Qwen/Qwen2.5-7B-Instruct,gsm_symbolic,self_consistency,200,139,0.695,/content/drive/MyDrive/COMP6242/Project/llm-failure/llm-failure-7b-results/raw/qwen__gsm_symbolic__self_consistency__20260519_234345__gsm_symbolic__Qwen_Qwen2-5-7B-Instruct__gsm_symbolic__20260519_2345.json
qwen,Qwen/Qwen2.5-7B-Instruct,Qwen/Qwen2.5-7B-Instruct,gsm_plus,zero_shot_baseline,200,98,0.49,/content/drive/MyDrive/COMP6242/Project/llm-failure/llm-failure-7b-results/raw/qwen__gsm_plus__zero_shot_baseline__20260520_091336__gsm_plus__Qwen_Qwen2-5-7B-Instruct__gsm_plus__20260520_0914.json
qwen,Qwen/Qwen2.5-7B-Instruct,Qwen/Qwen2.5-7B-Instruct,gsm_plus,zero_shot,200,76,0.38,/content/drive/MyDrive/COMP6242/Project/llm-failure/llm-failure-7b-results/raw/qwen__gsm_plus__zero_shot__20260520_101912__gsm_plus__Qwen_Qwen2-5-7B-Instruct__gsm_plus__20260520_1020.json
qwen,Qwen/Qwen2.5-7B-Instruct,Qwen/Qwen2.5-7B-Instruct,gsm_plus,targeted_few_shot_answer_only,200,117,0.585,/content/drive/MyDrive/COMP6242/Project/llm-failure/llm-failure-7b-results/raw/qwen__gsm_plus__targeted_few_shot_answer_only__20260520_113236__gsm_plus__Qwen_Qwen2-5-7B-Instruct__gsm_plus__20260520_1133.json
qwen,Qwen/Qwen2.5-7B-Instruct,Qwen/Qwen2.5-7B-Instruct,gsm_plus,random_few_shot,200,134,0.67,/content/drive/MyDrive/COMP6242/Project/llm-failure/llm-failure-7b-results/raw/qwen__gsm_plus__random_few_shot__20260520_123031__gsm_plus__Qwen_Qwen2-5-7B-Instruct__gsm_plus__20260520_1231.json
qwen,Qwen/Qwen2.5-7B-Instruct,Qwen/Qwen2.5-7B-Instruct,gsm_plus,targeted_few_shot,200,106,0.53,/content/drive/MyDrive/COMP6242/Project/llm-failure/llm-failure-7b-results/raw/qwen__gsm_plus__targeted_few_shot__20260520_132655__gsm_plus__Qwen_Qwen2-5-7B-Instruct__gsm_plus__20260520_1328.json
qwen,Qwen/Qwen2.5-7B-Instruct,Qwen/Qwen2.5-7B-Instruct,gsm_plus,targeted_few_shot_k5,200,102,0.51,/content/drive/MyDrive/COMP6242/Project/llm-failure/llm-failure-7b-results/raw/qwen__gsm_plus__targeted_few_shot_k5__20260520_143358__gsm_plus__Qwen_Qwen2-5-7B-Instruct__gsm_plus__20260520_1435.json
qwen,Qwen/Qwen2.5-7B-Instruct,Qwen/Qwen2.5-7B-Instruct,gsm_plus,error_targeted_icl,200,126,0.63,/content/drive/MyDrive/COMP6242/Project/llm-failure/llm-failure-7b-results/raw/qwen__gsm_plus__error_targeted_icl__20260520_153931__gsm_plus__Qwen_Qwen2-5-7B-Instruct__gsm_plus__20260520_1540.json
qwen,Qwen/Qwen2.5-7B-Instruct,Qwen/Qwen2.5-7B-Instruct,gsm_plus,error_targeted_icl_random,200,123,0.615,/content/drive/MyDrive/COMP6242/Project/llm-failure/llm-failure-7b-results/raw/qwen__gsm_plus__error_targeted_icl_random__20260521_025614__gsm_plus__Qwen_Qwen2-5-7B-Instruct__gsm_plus__20260521_0258.json
qwen,Qwen/Qwen2.5-7B-Instruct,Qwen/Qwen2.5-7B-Instruct,gsm_plus,error_targeted_icl_correct_only,200,128,0.64,/content/drive/MyDrive/COMP6242/Project/llm-failure/llm-failure-7b-results/raw/qwen__gsm_plus__error_targeted_icl_correct_only__20260521_035316__gsm_plus__Qwen_Qwen2-5-7B-Instruct__gsm_plus__20260521_0355.json
qwen,Qwen/Qwen2.5-7B-Instruct,Qwen/Qwen2.5-7B-Instruct,gsm_plus,self_consistency,200,75,0.375,/content/drive/MyDrive/COMP6242/Project/llm-failure/llm-failure-7b-results/raw/qwen__gsm_plus__self_consistency__20260521_044754__gsm_plus__Qwen_Qwen2-5-7B-Instruct__gsm_plus__20260521_0449.json
qwen,Qwen/Qwen2.5-7B-Instruct,Qwen/Qwen2.5-7B-Instruct,gsm_ic,zero_shot_baseline,200,68,0.34,/content/drive/MyDrive/COMP6242/Project/llm-failure/llm-failure-7b-results/raw/qwen__gsm_ic__zero_shot_baseline__20260521_104917__gsm_ic__Qwen_Qwen2-5-7B-Instruct__gsm_ic__20260521_1050.json
qwen,Qwen/Qwen2.5-7B-Instruct,Qwen/Qwen2.5-7B-Instruct,gsm_ic,zero_shot,200,109,0.545,/content/drive/MyDrive/COMP6242/Project/llm-failure/llm-failure-7b-results/raw/qwen__gsm_ic__zero_shot__20260521_110924__gsm_ic__Qwen_Qwen2-5-7B-Instruct__gsm_ic__20260521_1110.json
qwen,Qwen/Qwen2.5-7B-Instruct,Qwen/Qwen2.5-7B-Instruct,gsm_ic,targeted_few_shot_answer_only,200,160,0.8,/content/drive/MyDrive/COMP6242/Project/llm-failure/llm-failure-7b-results/raw/qwen__gsm_ic__targeted_few_shot_answer_only__20260521_120234__gsm_ic__Qwen_Qwen2-5-7B-Instruct__gsm_ic__20260521_1203.json
qwen,Qwen/Qwen2.5-7B-Instruct,Qwen/Qwen2.5-7B-Instruct,gsm_ic,random_few_shot,200,186,0.93,/content/drive/MyDrive/COMP6242/Project/llm-failure/llm-failure-7b-results/raw/qwen__gsm_ic__random_few_shot__20260521_124850__gsm_ic__Qwen_Qwen2-5-7B-Instruct__gsm_ic__20260521_1250.json
qwen,Qwen/Qwen2.5-7B-Instruct,Qwen/Qwen2.5-7B-Instruct,gsm_ic,targeted_few_shot,200,134,0.67,/content/drive/MyDrive/COMP6242/Project/llm-failure/llm-failure-7b-results/raw/qwen__gsm_ic__targeted_few_shot__20260521_133449__gsm_ic__Qwen_Qwen2-5-7B-Instruct__gsm_ic__20260521_1336.json
qwen,Qwen/Qwen2.5-7B-Instruct,Qwen/Qwen2.5-7B-Instruct,gsm_ic,targeted_few_shot_k5,200,144,0.72,/content/drive/MyDrive/COMP6242/Project/llm-failure/llm-failure-7b-results/raw/qwen__gsm_ic__targeted_few_shot_k5__20260521_142640__gsm_ic__Qwen_Qwen2-5-7B-Instruct__gsm_ic__20260521_1427.json
qwen,Qwen/Qwen2.5-7B-Instruct,Qwen/Qwen2.5-7B-Instruct,gsm_ic,error_targeted_icl,200,174,0.87,/content/drive/MyDrive/COMP6242/Project/llm-failure/llm-failure-7b-results/raw/qwen__gsm_ic__error_targeted_icl__20260521_151725__gsm_ic__Qwen_Qwen2-5-7B-Instruct__gsm_ic__20260521_1518.json
qwen,Qwen/Qwen2.5-7B-Instruct,Qwen/Qwen2.5-7B-Instruct,gsm_ic,error_targeted_icl_random,200,174,0.87,/content/drive/MyDrive/COMP6242/Project/llm-failure/llm-failure-7b-results/raw/qwen__gsm_ic__error_targeted_icl_random__20260521_160422__gsm_ic__Qwen_Qwen2-5-7B-Instruct__gsm_ic__20260521_1605.json
qwen,Qwen/Qwen2.5-7B-Instruct,Qwen/Qwen2.5-7B-Instruct,gsm_ic,error_targeted_icl_correct_only,200,177,0.885,/content/drive/MyDrive/COMP6242/Project/llm-failure/llm-failure-7b-results/raw/qwen__gsm_ic__error_targeted_icl_correct_only__20260521_165041__gsm_ic__Qwen_Qwen2-5-7B-Instruct__gsm_ic__20260521_1651.json
qwen,Qwen/Qwen2.5-7B-Instruct,Qwen/Qwen2.5-7B-Instruct,gsm_ic,self_consistency,200,130,0.65,/content/drive/MyDrive/COMP6242/Project/llm-failure/llm-failure-7b-results/raw/qwen__gsm_ic__self_consistency__20260521_181907__gsm_ic__Qwen_Qwen2-5-7B-Instruct__gsm_ic__20260521_1819.json
qwen,Qwen/Qwen2.5-7B-Instruct,Qwen/Qwen2.5-7B-Instruct,bigbench_hard,zero_shot_baseline,200,114,0.57,/content/drive/MyDrive/COMP6242/Project/llm-failure/llm-failure-7b-results/raw/qwen__bigbench_hard__zero_shot_baseline__20260521_231113__bigbench_hard__Qwen_Qwen2-5-7B-Instruct__bigbench_hard__20260521_2311.json
qwen,Qwen/Qwen2.5-7B-Instruct,Qwen/Qwen2.5-7B-Instruct,bigbench_hard,zero_shot,200,112,0.56,/content/drive/MyDrive/COMP6242/Project/llm-failure/llm-failure-7b-results/raw/qwen__bigbench_hard__zero_shot__20260522_002304__bigbench_hard__Qwen_Qwen2-5-7B-Instruct__bigbench_hard__20260522_0023.json
qwen,Qwen/Qwen2.5-7B-Instruct,Qwen/Qwen2.5-7B-Instruct,bigbench_hard,targeted_few_shot_answer_only,200,119,0.595,/content/drive/MyDrive/COMP6242/Project/llm-failure/llm-failure-7b-results/raw/qwen__bigbench_hard__targeted_few_shot_answer_only__20260522_015741__bigbench_hard__Qwen_Qwen2-5-7B-Instruct__bigbench_hard__20260522_0158.json
qwen,Qwen/Qwen2.5-7B-Instruct,Qwen/Qwen2.5-7B-Instruct,bigbench_hard,random_few_shot,200,132,0.66,/content/drive/MyDrive/COMP6242/Project/llm-failure/llm-failure-7b-results/raw/qwen__bigbench_hard__random_few_shot__20260522_030802__bigbench_hard__Qwen_Qwen2-5-7B-Instruct__bigbench_hard__20260522_0308.json
qwen,Qwen/Qwen2.5-7B-Instruct,Qwen/Qwen2.5-7B-Instruct,bigbench_hard,targeted_few_shot,200,135,0.675,/content/drive/MyDrive/COMP6242/Project/llm-failure/llm-failure-7b-results/raw/qwen__bigbench_hard__targeted_few_shot__20260522_043004__bigbench_hard__Qwen_Qwen2-5-7B-Instruct__bigbench_hard__20260522_0430.json
qwen,Qwen/Qwen2.5-7B-Instruct,Qwen/Qwen2.5-7B-Instruct,bigbench_hard,targeted_few_shot_k5,200,144,0.72,/content/drive/MyDrive/COMP6242/Project/llm-failure/llm-failure-7b-results/raw/qwen__bigbench_hard__targeted_few_shot_k5__20260522_073349__bigbench_hard__Qwen_Qwen2-5-7B-Instruct__bigbench_hard__20260522_0734.json
qwen,Qwen/Qwen2.5-7B-Instruct,Qwen/Qwen2.5-7B-Instruct,bigbench_hard,error_targeted_icl,200,122,0.61,/content/drive/MyDrive/COMP6242/Project/llm-failure/llm-failure-7b-results/raw/qwen__bigbench_hard__error_targeted_icl__20260522_085255__bigbench_hard__Qwen_Qwen2-5-7B-Instruct__bigbench_hard__20260522_0853.json
qwen,Qwen/Qwen2.5-7B-Instruct,Qwen/Qwen2.5-7B-Instruct,bigbench_hard,error_targeted_icl_random,200,107,0.535,/content/drive/MyDrive/COMP6242/Project/llm-failure/llm-failure-7b-results/raw/qwen__bigbench_hard__error_targeted_icl_random__20260522_095824__bigbench_hard__Qwen_Qwen2-5-7B-Instruct__bigbench_hard__20260522_0958.json
qwen,Qwen/Qwen2.5-7B-Instruct,Qwen/Qwen2.5-7B-Instruct,bigbench_hard,error_targeted_icl_correct_only,200,118,0.59,/content/drive/MyDrive/COMP6242/Project/llm-failure/llm-failure-7b-results/raw/qwen__bigbench_hard__error_targeted_icl_correct_only__20260522_110606__bigbench_hard__Qwen_Qwen2-5-7B-Instruct__bigbench_hard__20260522_1106.json
qwen,Qwen/Qwen2.5-7B-Instruct,Qwen/Qwen2.5-7B-Instruct,bigbench_hard,self_consistency,200,148,0.74,/content/drive/MyDrive/COMP6242/Project/llm-failure/llm-failure-7b-results/raw/qwen__bigbench_hard__self_consistency__20260522_120906__bigbench_hard__Qwen_Qwen2-5-7B-Instruct__bigbench_hard__20260522_1209.json
qwen,Qwen/Qwen2.5-7B-Instruct,Qwen/Qwen2.5-7B-Instruct,bigbench_hard_tracking,zero_shot_baseline,200,161,0.805,/content/drive/MyDrive/COMP6242/Project/llm-failure/llm-failure-7b-results/raw/qwen__bigbench_hard_tracking__zero_shot_baseline__20260522_184813__bigbench_hard_tracking__Qwen_Qwen2-5-7B-Instruct__bigbench_hard_tracking__20260522_1848.json
qwen,Qwen/Qwen2.5-7B-Instruct,Qwen/Qwen2.5-7B-Instruct,bigbench_hard_tracking,zero_shot,200,125,0.625,/content/drive/MyDrive/COMP6242/Project/llm-failure/llm-failure-7b-results/raw/qwen__bigbench_hard_tracking__zero_shot__20260522_195531__bigbench_hard_tracking__Qwen_Qwen2-5-7B-Instruct__bigbench_hard_tracking__20260522_1955.json
qwen,Qwen/Qwen2.5-7B-Instruct,Qwen/Qwen2.5-7B-Instruct,bigbench_hard_tracking,targeted_few_shot_answer_only,200,144,0.72,/content/drive/MyDrive/COMP6242/Project/llm-failure/llm-failure-7b-results/raw/qwen__bigbench_hard_tracking__targeted_few_shot_answer_only__20260522_211504__bigbench_hard_tracking__Qwen_Qwen2-5-7B-Instruct__bigbench_hard_tracking__20260522_2115.json
qwen,Qwen/Qwen2.5-7B-Instruct,Qwen/Qwen2.5-7B-Instruct,bigbench_hard_tracking,random_few_shot,200,161,0.805,/content/drive/MyDrive/COMP6242/Project/llm-failure/llm-failure-7b-results/raw/qwen__bigbench_hard_tracking__random_few_shot__20260522_222414__bigbench_hard_tracking__Qwen_Qwen2-5-7B-Instruct__bigbench_hard_tracking__20260522_2224.json
qwen,Qwen/Qwen2.5-7B-Instruct,Qwen/Qwen2.5-7B-Instruct,bigbench_hard_tracking,targeted_few_shot,200,126,0.63,/content/drive/MyDrive/COMP6242/Project/llm-failure/llm-failure-7b-results/raw/qwen__bigbench_hard_tracking__targeted_few_shot__20260522_232811__bigbench_hard_tracking__Qwen_Qwen2-5-7B-Instruct__bigbench_hard_tracking__20260522_2328.json
qwen,Qwen/Qwen2.5-7B-Instruct,Qwen/Qwen2.5-7B-Instruct,bigbench_hard_tracking,targeted_few_shot_k5,200,134,0.67,/content/drive/MyDrive/COMP6242/Project/llm-failure/llm-failure-7b-results/raw/qwen__bigbench_hard_tracking__targeted_few_shot_k5__20260523_003527__bigbench_hard_tracking__Qwen_Qwen2-5-7B-Instruct__bigbench_hard_tracking__20260523_0035.json
qwen,Qwen/Qwen2.5-7B-Instruct,Qwen/Qwen2.5-7B-Instruct,bigbench_hard_tracking,error_targeted_icl,200,153,0.765,/content/drive/MyDrive/COMP6242/Project/llm-failure/llm-failure-7b-results/raw/qwen__bigbench_hard_tracking__error_targeted_icl__20260523_014144__bigbench_hard_tracking__Qwen_Qwen2-5-7B-Instruct__bigbench_hard_tracking__20260523_0142.json
qwen,Qwen/Qwen2.5-7B-Instruct,Qwen/Qwen2.5-7B-Instruct,bigbench_hard_tracking,error_targeted_icl_random,200,144,0.72,/content/drive/MyDrive/COMP6242/Project/llm-failure/llm-failure-7b-results/raw/qwen__bigbench_hard_tracking__error_targeted_icl_random__20260523_031401__bigbench_hard_tracking__Qwen_Qwen2-5-7B-Instruct__bigbench_hard_tracking__20260523_0314.json
qwen,Qwen/Qwen2.5-7B-Instruct,Qwen/Qwen2.5-7B-Instruct,bigbench_hard_tracking,error_targeted_icl_correct_only,200,129,0.645,/content/drive/MyDrive/COMP6242/Project/llm-failure/llm-failure-7b-results/raw/qwen__bigbench_hard_tracking__error_targeted_icl_correct_only__20260523_043130__bigbench_hard_tracking__Qwen_Qwen2-5-7B-Instruct__bigbench_hard_tracking__20260523_0431.json
qwen,Qwen/Qwen2.5-7B-Instruct,Qwen/Qwen2.5-7B-Instruct,bigbench_hard_tracking,self_consistency,200,137,0.685,/content/drive/MyDrive/COMP6242/Project/llm-failure/llm-failure-7b-results/raw/qwen__bigbench_hard_tracking__self_consistency__20260523_053518__bigbench_hard_tracking__Qwen_Qwen2-5-7B-Instruct__bigbench_hard_tracking__20260523_0535.json
qwen,Qwen/Qwen2.5-7B-Instruct,Qwen/Qwen2.5-7B-Instruct,gsm8k,zero_shot_baseline,200,72,0.36,/content/drive/MyDrive/COMP6242/Project/llm-failure/llm-failure-7b-results/raw/qwen__gsm8k__zero_shot_baseline__20260523_122735__gsm8k__Qwen_Qwen2-5-7B-Instruct__gsm8k__20260523_1228.json
qwen,Qwen/Qwen2.5-7B-Instruct,Qwen/Qwen2.5-7B-Instruct,gsm8k,zero_shot,200,120,0.6,/content/drive/MyDrive/COMP6242/Project/llm-failure/llm-failure-7b-results/raw/qwen__gsm8k__zero_shot__20260523_124425__gsm8k__Qwen_Qwen2-5-7B-Instruct__gsm8k__20260523_1244.json
qwen,Qwen/Qwen2.5-7B-Instruct,Qwen/Qwen2.5-7B-Instruct,gsm8k,targeted_few_shot_answer_only,200,169,0.845,/content/drive/MyDrive/COMP6242/Project/llm-failure/llm-failure-7b-results/raw/qwen__gsm8k__targeted_few_shot_answer_only__20260523_134039__gsm8k__Qwen_Qwen2-5-7B-Instruct__gsm8k__20260523_1341.json
qwen,Qwen/Qwen2.5-7B-Instruct,Qwen/Qwen2.5-7B-Instruct,gsm8k,random_few_shot,200,190,0.95,/content/drive/MyDrive/COMP6242/Project/llm-failure/llm-failure-7b-results/raw/qwen__gsm8k__random_few_shot__20260523_142645__gsm8k__Qwen_Qwen2-5-7B-Instruct__gsm8k__20260523_1427.json
qwen,Qwen/Qwen2.5-7B-Instruct,Qwen/Qwen2.5-7B-Instruct,gsm8k,targeted_few_shot,200,148,0.74,/content/drive/MyDrive/COMP6242/Project/llm-failure/llm-failure-7b-results/raw/qwen__gsm8k__targeted_few_shot__20260523_151410__gsm8k__Qwen_Qwen2-5-7B-Instruct__gsm8k__20260523_1514.json
qwen,Qwen/Qwen2.5-7B-Instruct,Qwen/Qwen2.5-7B-Instruct,gsm8k,targeted_few_shot_k5,200,152,0.76,/content/drive/MyDrive/COMP6242/Project/llm-failure/llm-failure-7b-results/raw/qwen__gsm8k__targeted_few_shot_k5__20260523_160546__gsm8k__Qwen_Qwen2-5-7B-Instruct__gsm8k__20260523_1606.json
qwen,Qwen/Qwen2.5-7B-Instruct,Qwen/Qwen2.5-7B-Instruct,gsm8k,error_targeted_icl,200,183,0.915,/content/drive/MyDrive/COMP6242/Project/llm-failure/llm-failure-7b-results/raw/qwen__gsm8k__error_targeted_icl__20260523_165430__gsm8k__Qwen_Qwen2-5-7B-Instruct__gsm8k__20260523_1654.json
qwen,Qwen/Qwen2.5-7B-Instruct,Qwen/Qwen2.5-7B-Instruct,gsm8k,error_targeted_icl_random,200,187,0.935,/content/drive/MyDrive/COMP6242/Project/llm-failure/llm-failure-7b-results/raw/qwen__gsm8k__error_targeted_icl_random__20260523_174443__gsm8k__Qwen_Qwen2-5-7B-Instruct__gsm8k__20260523_1745.json
qwen,Qwen/Qwen2.5-7B-Instruct,Qwen/Qwen2.5-7B-Instruct,gsm8k,error_targeted_icl_correct_only,200,185,0.925,/content/drive/MyDrive/COMP6242/Project/llm-failure/llm-failure-7b-results/raw/qwen__gsm8k__error_targeted_icl_correct_only__20260523_183314__gsm8k__Qwen_Qwen2-5-7B-Instruct__gsm8k__20260523_1833.json
qwen,Qwen/Qwen2.5-7B-Instruct,Qwen/Qwen2.5-7B-Instruct,gsm8k,self_consistency,200,131,0.655,/content/drive/MyDrive/COMP6242/Project/llm-failure/llm-failure-7b-results/raw/qwen__gsm8k__self_consistency__20260523_191817__gsm8k__Qwen_Qwen2-5-7B-Instruct__gsm8k__20260523_1918.json
qwen,Qwen/Qwen2.5-7B-Instruct,Qwen/Qwen2.5-7B-Instruct,folio,zero_shot_baseline,183,133,0.726775956284153,/content/drive/MyDrive/COMP6242/Project/llm-failure/llm-failure-7b-results/raw/qwen__folio__zero_shot_baseline__20260524_000141__folio__Qwen_Qwen2-5-7B-Instruct__folio__20260524_0002.json
qwen,Qwen/Qwen2.5-7B-Instruct,Qwen/Qwen2.5-7B-Instruct,folio,zero_shot,183,125,0.6830601092896175,/content/drive/MyDrive/COMP6242/Project/llm-failure/llm-failure-7b-results/raw/qwen__folio__zero_shot__20260524_005723__folio__Qwen_Qwen2-5-7B-Instruct__folio__20260524_0057.json
qwen,Qwen/Qwen2.5-7B-Instruct,Qwen/Qwen2.5-7B-Instruct,folio,targeted_few_shot_answer_only,183,124,0.6775956284153005,/content/drive/MyDrive/COMP6242/Project/llm-failure/llm-failure-7b-results/raw/qwen__folio__targeted_few_shot_answer_only__20260524_020814__folio__Qwen_Qwen2-5-7B-Instruct__folio__20260524_0208.json
qwen,Qwen/Qwen2.5-7B-Instruct,Qwen/Qwen2.5-7B-Instruct,folio,random_few_shot,183,131,0.7158469945355191,/content/drive/MyDrive/COMP6242/Project/llm-failure/llm-failure-7b-results/raw/qwen__folio__random_few_shot__20260524_124155__folio__Qwen_Qwen2-5-7B-Instruct__folio__20260524_1242.json
qwen,Qwen/Qwen2.5-7B-Instruct,Qwen/Qwen2.5-7B-Instruct,folio,targeted_few_shot,183,130,0.7103825136612022,/content/drive/MyDrive/COMP6242/Project/llm-failure/llm-failure-7b-results/raw/qwen__folio__targeted_few_shot__20260524_134319__folio__Qwen_Qwen2-5-7B-Instruct__folio__20260524_1343.json
qwen,Qwen/Qwen2.5-7B-Instruct,Qwen/Qwen2.5-7B-Instruct,folio,targeted_few_shot_k5,183,131,0.7158469945355191,/content/drive/MyDrive/COMP6242/Project/llm-failure/llm-failure-7b-results/raw/qwen__folio__targeted_few_shot_k5__20260524_150932__folio__Qwen_Qwen2-5-7B-Instruct__folio__20260524_1509.json
qwen,Qwen/Qwen2.5-7B-Instruct,Qwen/Qwen2.5-7B-Instruct,folio,error_targeted_icl,183,133,0.726775956284153,/content/drive/MyDrive/COMP6242/Project/llm-failure/llm-failure-7b-results/raw/qwen__folio__error_targeted_icl__20260524_163432__folio__Qwen_Qwen2-5-7B-Instruct__folio__20260524_1634.json
qwen,Qwen/Qwen2.5-7B-Instruct,Qwen/Qwen2.5-7B-Instruct,folio,error_targeted_icl_random,183,135,0.7377049180327869,/content/drive/MyDrive/COMP6242/Project/llm-failure/llm-failure-7b-results/raw/qwen__folio__error_targeted_icl_random__20260524_174400__folio__Qwen_Qwen2-5-7B-Instruct__folio__20260524_1744.json
qwen,Qwen/Qwen2.5-7B-Instruct,Qwen/Qwen2.5-7B-Instruct,folio,error_targeted_icl_correct_only,183,134,0.73224043715847,/content/drive/MyDrive/COMP6242/Project/llm-failure/llm-failure-7b-results/raw/qwen__folio__error_targeted_icl_correct_only__20260524_185210__folio__Qwen_Qwen2-5-7B-Instruct__folio__20260524_1852.json
qwen,Qwen/Qwen2.5-7B-Instruct,Qwen/Qwen2.5-7B-Instruct,folio,self_consistency,183,126,0.6885245901639344,/content/drive/MyDrive/COMP6242/Project/llm-failure/llm-failure-7b-results/raw/qwen__folio__self_consistency__20260524_200712__folio__Qwen_Qwen2-5-7B-Instruct__folio__20260524_2007.json
gemma,google/gemma-7b-it,google/gemma-7b-it,gsm_symbolic,zero_shot_baseline,200,53,0.265,/content/drive/MyDrive/COMP6242/Project/llm-failure/llm-failure-7b-results/raw/gemma__gsm_symbolic__zero_shot_baseline__20260525_135853__gsm_symbolic__google_gemma-7b-it__gsm_symbolic__20260525_1400.json
gemma,google/gemma-7b-it,google/gemma-7b-it,gsm_symbolic,zero_shot,200,37,0.185,/content/drive/MyDrive/COMP6242/Project/llm-failure/llm-failure-7b-results/raw/gemma__gsm_symbolic__zero_shot__20260525_143156__gsm_symbolic__google_gemma-7b-it__gsm_symbolic__20260525_1432.json
gemma,google/gemma-7b-it,google/gemma-7b-it,gsm_symbolic,targeted_few_shot_answer_only,200,21,0.105,/content/drive/MyDrive/COMP6242/Project/llm-failure/llm-failure-7b-results/raw/gemma__gsm_symbolic__targeted_few_shot_answer_only__20260525_151904__gsm_symbolic__google_gemma-7b-it__gsm_symbolic__20260525_1519.json
gemma,google/gemma-7b-it,google/gemma-7b-it,gsm_symbolic,random_few_shot,200,9,0.045,/content/drive/MyDrive/COMP6242/Project/llm-failure/llm-failure-7b-results/raw/gemma__gsm_symbolic__random_few_shot__20260525_155421__gsm_symbolic__google_gemma-7b-it__gsm_symbolic__20260525_1554.json
gemma,google/gemma-7b-it,google/gemma-7b-it,gsm_symbolic,targeted_few_shot,200,20,0.1,/content/drive/MyDrive/COMP6242/Project/llm-failure/llm-failure-7b-results/raw/gemma__gsm_symbolic__targeted_few_shot__20260525_164521__gsm_symbolic__google_gemma-7b-it__gsm_symbolic__20260525_1645.json
gemma,google/gemma-7b-it,google/gemma-7b-it,gsm_symbolic,targeted_few_shot_k5,200,22,0.11,/content/drive/MyDrive/COMP6242/Project/llm-failure/llm-failure-7b-results/raw/gemma__gsm_symbolic__targeted_few_shot_k5__20260525_172837__gsm_symbolic__google_gemma-7b-it__gsm_symbolic__20260525_1729.json
gemma,google/gemma-7b-it,google/gemma-7b-it,gsm_symbolic,error_targeted_icl,200,3,0.015,/content/drive/MyDrive/COMP6242/Project/llm-failure/llm-failure-7b-results/raw/gemma__gsm_symbolic__error_targeted_icl__20260525_181045__gsm_symbolic__google_gemma-7b-it__gsm_symbolic__20260525_1811.json
gemma,google/gemma-7b-it,google/gemma-7b-it,gsm_symbolic,error_targeted_icl_random,200,14,0.07,/content/drive/MyDrive/COMP6242/Project/llm-failure/llm-failure-7b-results/raw/gemma__gsm_symbolic__error_targeted_icl_random__20260525_185817__gsm_symbolic__google_gemma-7b-it__gsm_symbolic__20260525_1858.json
gemma,google/gemma-7b-it,google/gemma-7b-it,gsm_symbolic,error_targeted_icl_correct_only,200,22,0.11,/content/drive/MyDrive/COMP6242/Project/llm-failure/llm-failure-7b-results/raw/gemma__gsm_symbolic__error_targeted_icl_correct_only__20260525_195709__gsm_symbolic__google_gemma-7b-it__gsm_symbolic__20260525_1957.json
gemma,google/gemma-7b-it,google/gemma-7b-it,gsm_symbolic,self_consistency,200,38,0.19,/content/drive/MyDrive/COMP6242/Project/llm-failure/llm-failure-7b-results/raw/gemma__gsm_symbolic__self_consistency__20260525_204204__gsm_symbolic__google_gemma-7b-it__gsm_symbolic__20260525_2042.json
gemma,google/gemma-7b-it,google/gemma-7b-it,gsm_plus,zero_shot_baseline,200,34,0.17,/content/drive/MyDrive/COMP6242/Project/llm-failure/llm-failure-7b-results/raw/gemma__gsm_plus__zero_shot_baseline__20260526_000648__gsm_plus__google_gemma-7b-it__gsm_plus__20260526_0007.json
gemma,google/gemma-7b-it,google/gemma-7b-it,gsm_plus,zero_shot,200,32,0.16,/content/drive/MyDrive/COMP6242/Project/llm-failure/llm-failure-7b-results/raw/gemma__gsm_plus__zero_shot__20260526_003613__gsm_plus__google_gemma-7b-it__gsm_plus__20260526_0036.json
gemma,google/gemma-7b-it,google/gemma-7b-it,gsm_plus,targeted_few_shot_answer_only,200,34,0.17,/content/drive/MyDrive/COMP6242/Project/llm-failure/llm-failure-7b-results/raw/gemma__gsm_plus__targeted_few_shot_answer_only__20260526_011017__gsm_plus__google_gemma-7b-it__gsm_plus__20260526_0110.json
gemma,google/gemma-7b-it,google/gemma-7b-it,gsm_plus,random_few_shot,200,37,0.185,/content/drive/MyDrive/COMP6242/Project/llm-failure/llm-failure-7b-results/raw/gemma__gsm_plus__random_few_shot__20260526_014851__gsm_plus__google_gemma-7b-it__gsm_plus__20260526_0149.json
gemma,google/gemma-7b-it,google/gemma-7b-it,gsm_plus,targeted_few_shot,200,23,0.115,/content/drive/MyDrive/COMP6242/Project/llm-failure/llm-failure-7b-results/raw/gemma__gsm_plus__targeted_few_shot__20260526_022729__gsm_plus__google_gemma-7b-it__gsm_plus__20260526_0227.json
gemma,google/gemma-7b-it,google/gemma-7b-it,gsm_plus,targeted_few_shot_k5,200,22,0.11,/content/drive/MyDrive/COMP6242/Project/llm-failure/llm-failure-7b-results/raw/gemma__gsm_plus__targeted_few_shot_k5__20260526_030340__gsm_plus__google_gemma-7b-it__gsm_plus__20260526_0304.json
gemma,google/gemma-7b-it,google/gemma-7b-it,gsm_plus,error_targeted_icl,200,8,0.04,/content/drive/MyDrive/COMP6242/Project/llm-failure/llm-failure-7b-results/raw/gemma__gsm_plus__error_targeted_icl__20260526_034556__gsm_plus__google_gemma-7b-it__gsm_plus__20260526_0346.json
gemma,google/gemma-7b-it,google/gemma-7b-it,gsm_plus,error_targeted_icl_random,200,13,0.065,/content/drive/MyDrive/COMP6242/Project/llm-failure/llm-failure-7b-results/raw/gemma__gsm_plus__error_targeted_icl_random__20260526_043222__gsm_plus__google_gemma-7b-it__gsm_plus__20260526_0432.json
gemma,google/gemma-7b-it,google/gemma-7b-it,gsm_plus,error_targeted_icl_correct_only,200,29,0.145,/content/drive/MyDrive/COMP6242/Project/llm-failure/llm-failure-7b-results/raw/gemma__gsm_plus__error_targeted_icl_correct_only__20260526_052729__gsm_plus__google_gemma-7b-it__gsm_plus__20260526_0527.json
gemma,google/gemma-7b-it,google/gemma-7b-it,gsm_plus,self_consistency,200,43,0.215,/content/drive/MyDrive/COMP6242/Project/llm-failure/llm-failure-7b-results/raw/gemma__gsm_plus__self_consistency__20260526_060055__gsm_plus__google_gemma-7b-it__gsm_plus__20260526_0601.json
gemma,google/gemma-7b-it,google/gemma-7b-it,gsm_ic,zero_shot_baseline,200,13,0.065,/content/drive/MyDrive/COMP6242/Project/llm-failure/llm-failure-7b-results/raw/gemma__gsm_ic__zero_shot_baseline__20260526_084403__gsm_ic__google_gemma-7b-it__gsm_ic__20260526_0844.json
gemma,google/gemma-7b-it,google/gemma-7b-it,gsm_ic,zero_shot,200,41,0.205,/content/drive/MyDrive/COMP6242/Project/llm-failure/llm-failure-7b-results/raw/gemma__gsm_ic__zero_shot__20260526_085820__gsm_ic__google_gemma-7b-it__gsm_ic__20260526_0858.json
gemma,google/gemma-7b-it,google/gemma-7b-it,gsm_ic,targeted_few_shot_answer_only,200,46,0.23,/content/drive/MyDrive/COMP6242/Project/llm-failure/llm-failure-7b-results/raw/gemma__gsm_ic__targeted_few_shot_answer_only__20260526_092057__gsm_ic__google_gemma-7b-it__gsm_ic__20260526_0921.json
gemma,google/gemma-7b-it,google/gemma-7b-it,gsm_ic,random_few_shot,200,55,0.275,/content/drive/MyDrive/COMP6242/Project/llm-failure/llm-failure-7b-results/raw/gemma__gsm_ic__random_few_shot__20260526_095408__gsm_ic__google_gemma-7b-it__gsm_ic__20260526_0954.json
gemma,google/gemma-7b-it,google/gemma-7b-it,gsm_ic,targeted_few_shot,200,35,0.175,/content/drive/MyDrive/COMP6242/Project/llm-failure/llm-failure-7b-results/raw/gemma__gsm_ic__targeted_few_shot__20260526_103110__gsm_ic__google_gemma-7b-it__gsm_ic__20260526_1031.json
gemma,google/gemma-7b-it,google/gemma-7b-it,gsm_ic,targeted_few_shot_k5,200,35,0.175,/content/drive/MyDrive/COMP6242/Project/llm-failure/llm-failure-7b-results/raw/gemma__gsm_ic__targeted_few_shot_k5__20260526_110450__gsm_ic__google_gemma-7b-it__gsm_ic__20260526_1105.json
gemma,google/gemma-7b-it,google/gemma-7b-it,gsm_ic,error_targeted_icl,200,11,0.055,/content/drive/MyDrive/COMP6242/Project/llm-failure/llm-failure-7b-results/raw/gemma__gsm_ic__error_targeted_icl__20260526_114402__gsm_ic__google_gemma-7b-it__gsm_ic__20260526_1144.json
gemma,google/gemma-7b-it,google/gemma-7b-it,gsm_ic,error_targeted_icl_random,200,15,0.075,/content/drive/MyDrive/COMP6242/Project/llm-failure/llm-failure-7b-results/raw/gemma__gsm_ic__error_targeted_icl_random__20260526_122852__gsm_ic__google_gemma-7b-it__gsm_ic__20260526_1229.json
gemma,google/gemma-7b-it,google/gemma-7b-it,gsm_ic,error_targeted_icl_correct_only,200,56,0.28,/content/drive/MyDrive/COMP6242/Project/llm-failure/llm-failure-7b-results/raw/gemma__gsm_ic__error_targeted_icl_correct_only__20260526_132400__gsm_ic__google_gemma-7b-it__gsm_ic__20260526_1324.json
gemma,google/gemma-7b-it,google/gemma-7b-it,gsm_ic,self_consistency,200,48,0.24,/content/drive/MyDrive/COMP6242/Project/llm-failure/llm-failure-7b-results/raw/gemma__gsm_ic__self_consistency__20260526_140944__gsm_ic__google_gemma-7b-it__gsm_ic__20260526_1410.json
gemma,google/gemma-7b-it,google/gemma-7b-it,bigbench_hard,zero_shot_baseline,200,48,0.24,/content/drive/MyDrive/COMP6242/Project/llm-failure/llm-failure-7b-results/raw/gemma__bigbench_hard__zero_shot_baseline__20260526_160031__bigbench_hard__google_gemma-7b-it__bigbench_hard__20260526_1601.json
gemma,google/gemma-7b-it,google/gemma-7b-it,bigbench_hard,zero_shot,200,62,0.31,/content/drive/MyDrive/COMP6242/Project/llm-failure/llm-failure-7b-results/raw/gemma__bigbench_hard__zero_shot__20260526_161512__bigbench_hard__google_gemma-7b-it__bigbench_hard__20260526_1615.json
gemma,google/gemma-7b-it,google/gemma-7b-it,bigbench_hard,targeted_few_shot_answer_only,200,50,0.25,/content/drive/MyDrive/COMP6242/Project/llm-failure/llm-failure-7b-results/raw/gemma__bigbench_hard__targeted_few_shot_answer_only__20260526_164628__bigbench_hard__google_gemma-7b-it__bigbench_hard__20260526_1646.json
gemma,google/gemma-7b-it,google/gemma-7b-it,bigbench_hard,random_few_shot,200,49,0.245,/content/drive/MyDrive/COMP6242/Project/llm-failure/llm-failure-7b-results/raw/gemma__bigbench_hard__random_few_shot__20260526_170306__bigbench_hard__google_gemma-7b-it__bigbench_hard__20260526_1703.json
gemma,google/gemma-7b-it,google/gemma-7b-it,bigbench_hard,targeted_few_shot,200,53,0.265,/content/drive/MyDrive/COMP6242/Project/llm-failure/llm-failure-7b-results/raw/gemma__bigbench_hard__targeted_few_shot__20260526_173651__bigbench_hard__google_gemma-7b-it__bigbench_hard__20260526_1737.json
gemma,google/gemma-7b-it,google/gemma-7b-it,bigbench_hard,targeted_few_shot_k5,200,57,0.285,/content/drive/MyDrive/COMP6242/Project/llm-failure/llm-failure-7b-results/raw/gemma__bigbench_hard__targeted_few_shot_k5__20260526_180547__bigbench_hard__google_gemma-7b-it__bigbench_hard__20260526_1806.json
gemma,google/gemma-7b-it,google/gemma-7b-it,bigbench_hard,error_targeted_icl,200,51,0.255,/content/drive/MyDrive/COMP6242/Project/llm-failure/llm-failure-7b-results/raw/gemma__bigbench_hard__error_targeted_icl__20260526_183458__bigbench_hard__google_gemma-7b-it__bigbench_hard__20260526_1835.json
gemma,google/gemma-7b-it,google/gemma-7b-it,bigbench_hard,error_targeted_icl_random,200,51,0.255,/content/drive/MyDrive/COMP6242/Project/llm-failure/llm-failure-7b-results/raw/gemma__bigbench_hard__error_targeted_icl_random__20260526_190743__bigbench_hard__google_gemma-7b-it__bigbench_hard__20260526_1908.json
gemma,google/gemma-7b-it,google/gemma-7b-it,bigbench_hard,error_targeted_icl_correct_only,200,44,0.22,/content/drive/MyDrive/COMP6242/Project/llm-failure/llm-failure-7b-results/raw/gemma__bigbench_hard__error_targeted_icl_correct_only__20260526_194616__bigbench_hard__google_gemma-7b-it__bigbench_hard__20260526_1946.json
gemma,google/gemma-7b-it,google/gemma-7b-it,bigbench_hard,self_consistency,200,63,0.315,/content/drive/MyDrive/COMP6242/Project/llm-failure/llm-failure-7b-results/raw/gemma__bigbench_hard__self_consistency__20260526_201532__bigbench_hard__google_gemma-7b-it__bigbench_hard__20260526_2016.json
gemma,google/gemma-7b-it,google/gemma-7b-it,bigbench_hard_tracking,zero_shot_baseline,200,32,0.16,/content/drive/MyDrive/COMP6242/Project/llm-failure/llm-failure-7b-results/raw/gemma__bigbench_hard_tracking__zero_shot_baseline__20260526_224341__bigbench_hard_tracking__google_gemma-7b-it__bigbench_hard_tracking__20260526_2244.json
gemma,google/gemma-7b-it,google/gemma-7b-it,bigbench_hard_tracking,zero_shot,200,33,0.165,/content/drive/MyDrive/COMP6242/Project/llm-failure/llm-failure-7b-results/raw/gemma__bigbench_hard_tracking__zero_shot__20260526_232312__bigbench_hard_tracking__google_gemma-7b-it__bigbench_hard_tracking__20260526_2323.json
gemma,google/gemma-7b-it,google/gemma-7b-it,bigbench_hard_tracking,targeted_few_shot_answer_only,200,27,0.135,/content/drive/MyDrive/COMP6242/Project/llm-failure/llm-failure-7b-results/raw/gemma__bigbench_hard_tracking__targeted_few_shot_answer_only__20260526_235933__bigbench_hard_tracking__google_gemma-7b-it__bigbench_hard_tracking__20260527_0000.json
gemma,google/gemma-7b-it,google/gemma-7b-it,bigbench_hard_tracking,random_few_shot,200,31,0.155,/content/drive/MyDrive/COMP6242/Project/llm-failure/llm-failure-7b-results/raw/gemma__bigbench_hard_tracking__random_few_shot__20260527_002955__bigbench_hard_tracking__google_gemma-7b-it__bigbench_hard_tracking__20260527_0030.json
gemma,google/gemma-7b-it,google/gemma-7b-it,bigbench_hard_tracking,targeted_few_shot,200,0,0.0,/content/drive/MyDrive/COMP6242/Project/llm-failure/llm-failure-7b-results/raw/gemma__bigbench_hard_tracking__targeted_few_shot__20260527_010541__bigbench_hard_tracking__google_gemma-7b-it__bigbench_hard_tracking__20260527_0106.json
gemma,google/gemma-7b-it,google/gemma-7b-it,bigbench_hard_tracking,targeted_few_shot_k5,200,0,0.0,/content/drive/MyDrive/COMP6242/Project/llm-failure/llm-failure-7b-results/raw/gemma__bigbench_hard_tracking__targeted_few_shot_k5__20260527_023955__bigbench_hard_tracking__google_gemma-7b-it__bigbench_hard_tracking__20260527_0240.json
gemma,google/gemma-7b-it,google/gemma-7b-it,bigbench_hard_tracking,error_targeted_icl,200,29,0.145,/content/drive/MyDrive/COMP6242/Project/llm-failure/llm-failure-7b-results/raw/gemma__bigbench_hard_tracking__error_targeted_icl__20260527_042759__bigbench_hard_tracking__google_gemma-7b-it__bigbench_hard_tracking__20260527_0428.json
gemma,google/gemma-7b-it,google/gemma-7b-it,bigbench_hard_tracking,error_targeted_icl_random,200,23,0.115,/content/drive/MyDrive/COMP6242/Project/llm-failure/llm-failure-7b-results/raw/gemma__bigbench_hard_tracking__error_targeted_icl_random__20260527_051657__bigbench_hard_tracking__google_gemma-7b-it__bigbench_hard_tracking__20260527_0517.json
gemma,google/gemma-7b-it,google/gemma-7b-it,bigbench_hard_tracking,error_targeted_icl_correct_only,200,33,0.165,/content/drive/MyDrive/COMP6242/Project/llm-failure/llm-failure-7b-results/raw/gemma__bigbench_hard_tracking__error_targeted_icl_correct_only__20260527_061158__bigbench_hard_tracking__google_gemma-7b-it__bigbench_hard_tracking__20260527_0612.json
gemma,google/gemma-7b-it,google/gemma-7b-it,bigbench_hard_tracking,self_consistency,200,34,0.17,/content/drive/MyDrive/COMP6242/Project/llm-failure/llm-failure-7b-results/raw/gemma__bigbench_hard_tracking__self_consistency__20260527_064744__bigbench_hard_tracking__google_gemma-7b-it__bigbench_hard_tracking__20260527_0648.json
gemma,google/gemma-7b-it,google/gemma-7b-it,gsm8k,zero_shot_baseline,200,11,0.055,/content/drive/MyDrive/COMP6242/Project/llm-failure/llm-failure-7b-results/raw/gemma__gsm8k__zero_shot_baseline__20260527_095644__gsm8k__google_gemma-7b-it__gsm8k__20260527_0957.json
gemma,google/gemma-7b-it,google/gemma-7b-it,gsm8k,zero_shot,200,47,0.235,/content/drive/MyDrive/COMP6242/Project/llm-failure/llm-failure-7b-results/raw/gemma__gsm8k__zero_shot__20260527_101019__gsm8k__google_gemma-7b-it__gsm8k__20260527_1010.json
gemma,google/gemma-7b-it,google/gemma-7b-it,gsm8k,targeted_few_shot_answer_only,200,49,0.245,/content/drive/MyDrive/COMP6242/Project/llm-failure/llm-failure-7b-results/raw/gemma__gsm8k__targeted_few_shot_answer_only__20260527_103140__gsm8k__google_gemma-7b-it__gsm8k__20260527_1032.json
gemma,google/gemma-7b-it,google/gemma-7b-it,gsm8k,random_few_shot,200,58,0.29,/content/drive/MyDrive/COMP6242/Project/llm-failure/llm-failure-7b-results/raw/gemma__gsm8k__random_few_shot__20260527_110520__gsm8k__google_gemma-7b-it__gsm8k__20260527_1105.json
gemma,google/gemma-7b-it,google/gemma-7b-it,gsm8k,targeted_few_shot,200,41,0.205,/content/drive/MyDrive/COMP6242/Project/llm-failure/llm-failure-7b-results/raw/gemma__gsm8k__targeted_few_shot__20260527_114125__gsm8k__google_gemma-7b-it__gsm8k__20260527_1141.json
gemma,google/gemma-7b-it,google/gemma-7b-it,gsm8k,targeted_few_shot_k5,200,35,0.175,/content/drive/MyDrive/COMP6242/Project/llm-failure/llm-failure-7b-results/raw/gemma__gsm8k__targeted_few_shot_k5__20260527_121324__gsm8k__google_gemma-7b-it__gsm8k__20260527_1213.json
gemma,google/gemma-7b-it,google/gemma-7b-it,gsm8k,error_targeted_icl,200,17,0.085,/content/drive/MyDrive/COMP6242/Project/llm-failure/llm-failure-7b-results/raw/gemma__gsm8k__error_targeted_icl__20260527_124958__gsm8k__google_gemma-7b-it__gsm8k__20260527_1250.json
gemma,google/gemma-7b-it,google/gemma-7b-it,gsm8k,error_targeted_icl_random,200,19,0.095,/content/drive/MyDrive/COMP6242/Project/llm-failure/llm-failure-7b-results/raw/gemma__gsm8k__error_targeted_icl_random__20260527_133421__gsm8k__google_gemma-7b-it__gsm8k__20260527_1334.json
gemma,google/gemma-7b-it,google/gemma-7b-it,gsm8k,error_targeted_icl_correct_only,200,56,0.28,/content/drive/MyDrive/COMP6242/Project/llm-failure/llm-failure-7b-results/raw/gemma__gsm8k__error_targeted_icl_correct_only__20260527_144422__gsm8k__google_gemma-7b-it__gsm8k__20260527_1444.json
gemma,google/gemma-7b-it,google/gemma-7b-it,gsm8k,self_consistency,200,49,0.245,/content/drive/MyDrive/COMP6242/Project/llm-failure/llm-failure-7b-results/raw/gemma__gsm8k__self_consistency__20260527_151531__gsm8k__google_gemma-7b-it__gsm8k__20260527_1516.json
gemma,google/gemma-7b-it,google/gemma-7b-it,folio,zero_shot_baseline,183,82,0.44808743169398907,/content/drive/MyDrive/COMP6242/Project/llm-failure/llm-failure-7b-results/raw/gemma__folio__zero_shot_baseline__20260527_170322__folio__google_gemma-7b-it__folio__20260527_1703.json
gemma,google/gemma-7b-it,google/gemma-7b-it,folio,zero_shot,183,87,0.47540983606557374,/content/drive/MyDrive/COMP6242/Project/llm-failure/llm-failure-7b-results/raw/gemma__folio__zero_shot__20260527_172606__folio__google_gemma-7b-it__folio__20260527_1726.json
gemma,google/gemma-7b-it,google/gemma-7b-it,folio,targeted_few_shot_answer_only,183,86,0.46994535519125685,/content/drive/MyDrive/COMP6242/Project/llm-failure/llm-failure-7b-results/raw/gemma__folio__targeted_few_shot_answer_only__20260527_175959__folio__google_gemma-7b-it__folio__20260527_1800.json
gemma,google/gemma-7b-it,google/gemma-7b-it,folio,random_few_shot,183,67,0.366120218579235,/content/drive/MyDrive/COMP6242/Project/llm-failure/llm-failure-7b-results/raw/gemma__folio__random_few_shot__20260527_181623__folio__google_gemma-7b-it__folio__20260527_1816.json
gemma,google/gemma-7b-it,google/gemma-7b-it,folio,targeted_few_shot,183,78,0.4262295081967213,/content/drive/MyDrive/COMP6242/Project/llm-failure/llm-failure-7b-results/raw/gemma__folio__targeted_few_shot__20260527_193840__folio__google_gemma-7b-it__folio__20260527_1939.json
gemma,google/gemma-7b-it,google/gemma-7b-it,folio,targeted_few_shot_k5,183,76,0.41530054644808745,/content/drive/MyDrive/COMP6242/Project/llm-failure/llm-failure-7b-results/raw/gemma__folio__targeted_few_shot_k5__20260527_201548__folio__google_gemma-7b-it__folio__20260527_2016.json
gemma,google/gemma-7b-it,google/gemma-7b-it,folio,error_targeted_icl,183,85,0.4644808743169399,/content/drive/MyDrive/COMP6242/Project/llm-failure/llm-failure-7b-results/raw/gemma__folio__error_targeted_icl__20260527_205411__folio__google_gemma-7b-it__folio__20260527_2054.json
gemma,google/gemma-7b-it,google/gemma-7b-it,folio,error_targeted_icl_random,183,86,0.46994535519125685,/content/drive/MyDrive/COMP6242/Project/llm-failure/llm-failure-7b-results/raw/gemma__folio__error_targeted_icl_random__20260527_212702__folio__google_gemma-7b-it__folio__20260527_2127.json
gemma,google/gemma-7b-it,google/gemma-7b-it,folio,error_targeted_icl_correct_only,183,91,0.4972677595628415,/content/drive/MyDrive/COMP6242/Project/llm-failure/llm-failure-7b-results/raw/gemma__folio__error_targeted_icl_correct_only__20260527_220037__folio__google_gemma-7b-it__folio__20260527_2201.json
gemma,google/gemma-7b-it,google/gemma-7b-it,folio,self_consistency,183,86,0.46994535519125685,/content/drive/MyDrive/COMP6242/Project/llm-failure/llm-failure-7b-results/raw/gemma__folio__self_consistency__20260527_223326__folio__google_gemma-7b-it__folio__20260527_2233.json
