run_id,family,display_name,hf_model_id,benchmark,condition,status,started_at,finished_at,returncode,log_path,output_files
qwen__gsm_symbolic__zero_shot_baseline__20260519_085203,qwen,Qwen/Qwen2.5-7B-Instruct,Qwen/Qwen2.5-7B-Instruct,gsm_symbolic,zero_shot_baseline,success,2026-05-19T08:52:03,2026-05-19T09:59:03,0,/content/drive/MyDrive/COMP6242/Project/llm-failure/llm-failure-7b-results/logs/qwen__gsm_symbolic__zero_shot_baseline__20260519_085203.log,/content/drive/MyDrive/COMP6242/Project/llm-failure/llm-failure-7b-results/raw/qwen__gsm_symbolic__zero_shot_baseline__20260519_085203__gsm_symbolic__Qwen_Qwen2-5-7B-Instruct__gsm_symbolic__20260519_0853.json
qwen__gsm_symbolic__zero_shot__20260519_095905,qwen,Qwen/Qwen2.5-7B-Instruct,Qwen/Qwen2.5-7B-Instruct,gsm_symbolic,zero_shot,success,2026-05-19T09:59:05,2026-05-19T11:13:05,0,/content/drive/MyDrive/COMP6242/Project/llm-failure/llm-failure-7b-results/logs/qwen__gsm_symbolic__zero_shot__20260519_095905.log,/content/drive/MyDrive/COMP6242/Project/llm-failure/llm-failure-7b-results/raw/qwen__gsm_symbolic__zero_shot__20260519_095905__gsm_symbolic__Qwen_Qwen2-5-7B-Instruct__gsm_symbolic__20260519_1000.json
qwen__gsm_symbolic__targeted_few_shot_answer_only__20260519_111307,qwen,Qwen/Qwen2.5-7B-Instruct,Qwen/Qwen2.5-7B-Instruct,gsm_symbolic,targeted_few_shot_answer_only,success,2026-05-19T11:13:07,2026-05-19T12:14:46,0,/content/drive/MyDrive/COMP6242/Project/llm-failure/llm-failure-7b-results/logs/qwen__gsm_symbolic__targeted_few_shot_answer_only__20260519_111307.log,/content/drive/MyDrive/COMP6242/Project/llm-failure/llm-failure-7b-results/raw/qwen__gsm_symbolic__targeted_few_shot_answer_only__20260519_111307__gsm_symbolic__Qwen_Qwen2-5-7B-Instruct__gsm_symbolic__20260519_1115.json
qwen__gsm_symbolic__random_few_shot__20260519_121449,qwen,Qwen/Qwen2.5-7B-Instruct,Qwen/Qwen2.5-7B-Instruct,gsm_symbolic,random_few_shot,success,2026-05-19T12:14:49,2026-05-19T13:10:18,0,/content/drive/MyDrive/COMP6242/Project/llm-failure/llm-failure-7b-results/logs/qwen__gsm_symbolic__random_few_shot__20260519_121449.log,/content/drive/MyDrive/COMP6242/Project/llm-failure/llm-failure-7b-results/raw/qwen__gsm_symbolic__random_few_shot__20260519_121449__gsm_symbolic__Qwen_Qwen2-5-7B-Instruct__gsm_symbolic__20260519_1216.json
qwen__gsm_symbolic__targeted_few_shot__20260519_131022,qwen,Qwen/Qwen2.5-7B-Instruct,Qwen/Qwen2.5-7B-Instruct,gsm_symbolic,targeted_few_shot,success,2026-05-19T13:10:22,2026-05-19T14:18:47,0,/content/drive/MyDrive/COMP6242/Project/llm-failure/llm-failure-7b-results/logs/qwen__gsm_symbolic__targeted_few_shot__20260519_131022.log,/content/drive/MyDrive/COMP6242/Project/llm-failure/llm-failure-7b-results/raw/qwen__gsm_symbolic__targeted_few_shot__20260519_131022__gsm_symbolic__Qwen_Qwen2-5-7B-Instruct__gsm_symbolic__20260519_1312.json
qwen__gsm_symbolic__targeted_few_shot_k5__20260519_141850,qwen,Qwen/Qwen2.5-7B-Instruct,Qwen/Qwen2.5-7B-Instruct,gsm_symbolic,targeted_few_shot_k5,success,2026-05-19T14:18:50,2026-05-19T15:21:26,0,/content/drive/MyDrive/COMP6242/Project/llm-failure/llm-failure-7b-results/logs/qwen__gsm_symbolic__targeted_few_shot_k5__20260519_141850.log,/content/drive/MyDrive/COMP6242/Project/llm-failure/llm-failure-7b-results/raw/qwen__gsm_symbolic__targeted_few_shot_k5__20260519_141850__gsm_symbolic__Qwen_Qwen2-5-7B-Instruct__gsm_symbolic__20260519_1420.json
qwen__gsm_symbolic__error_targeted_icl__20260519_205650,qwen,Qwen/Qwen2.5-7B-Instruct,Qwen/Qwen2.5-7B-Instruct,gsm_symbolic,error_targeted_icl,success,2026-05-19T20:56:50,2026-05-19T21:54:53,0,/content/drive/MyDrive/COMP6242/Project/llm-failure/llm-failure-7b-results/logs/qwen__gsm_symbolic__error_targeted_icl__20260519_205650.log,/content/drive/MyDrive/COMP6242/Project/llm-failure/llm-failure-7b-results/raw/qwen__gsm_symbolic__error_targeted_icl__20260519_205650__gsm_symbolic__Qwen_Qwen2-5-7B-Instruct__gsm_symbolic__20260519_2058.json
qwen__gsm_symbolic__error_targeted_icl_random__20260519_215456,qwen,Qwen/Qwen2.5-7B-Instruct,Qwen/Qwen2.5-7B-Instruct,gsm_symbolic,error_targeted_icl_random,success,2026-05-19T21:54:56,2026-05-19T22:52:58,0,/content/drive/MyDrive/COMP6242/Project/llm-failure/llm-failure-7b-results/logs/qwen__gsm_symbolic__error_targeted_icl_random__20260519_215456.log,/content/drive/MyDrive/COMP6242/Project/llm-failure/llm-failure-7b-results/raw/qwen__gsm_symbolic__error_targeted_icl_random__20260519_215456__gsm_symbolic__Qwen_Qwen2-5-7B-Instruct__gsm_symbolic__20260519_2156.json
qwen__gsm_symbolic__error_targeted_icl_correct_only__20260519_225301,qwen,Qwen/Qwen2.5-7B-Instruct,Qwen/Qwen2.5-7B-Instruct,gsm_symbolic,error_targeted_icl_correct_only,success,2026-05-19T22:53:01,2026-05-19T23:43:42,0,/content/drive/MyDrive/COMP6242/Project/llm-failure/llm-failure-7b-results/logs/qwen__gsm_symbolic__error_targeted_icl_correct_only__20260519_225301.log,/content/drive/MyDrive/COMP6242/Project/llm-failure/llm-failure-7b-results/raw/qwen__gsm_symbolic__error_targeted_icl_correct_only__20260519_225301__gsm_symbolic__Qwen_Qwen2-5-7B-Instruct__gsm_symbolic__20260519_2254.json
qwen__gsm_symbolic__self_consistency__20260519_234345,qwen,Qwen/Qwen2.5-7B-Instruct,Qwen/Qwen2.5-7B-Instruct,gsm_symbolic,self_consistency,success,2026-05-19T23:43:45,2026-05-20T09:13:35,0,/content/drive/MyDrive/COMP6242/Project/llm-failure/llm-failure-7b-results/logs/qwen__gsm_symbolic__self_consistency__20260519_234345.log,/content/drive/MyDrive/COMP6242/Project/llm-failure/llm-failure-7b-results/raw/qwen__gsm_symbolic__self_consistency__20260519_234345__gsm_symbolic__Qwen_Qwen2-5-7B-Instruct__gsm_symbolic__20260519_2345.json
qwen__gsm_plus__zero_shot_baseline__20260520_091336,qwen,Qwen/Qwen2.5-7B-Instruct,Qwen/Qwen2.5-7B-Instruct,gsm_plus,zero_shot_baseline,success,2026-05-20T09:13:36,2026-05-20T10:19:12,0,/content/drive/MyDrive/COMP6242/Project/llm-failure/llm-failure-7b-results/logs/qwen__gsm_plus__zero_shot_baseline__20260520_091336.log,/content/drive/MyDrive/COMP6242/Project/llm-failure/llm-failure-7b-results/raw/qwen__gsm_plus__zero_shot_baseline__20260520_091336__gsm_plus__Qwen_Qwen2-5-7B-Instruct__gsm_plus__20260520_0914.json
qwen__gsm_plus__zero_shot__20260520_101912,qwen,Qwen/Qwen2.5-7B-Instruct,Qwen/Qwen2.5-7B-Instruct,gsm_plus,zero_shot,success,2026-05-20T10:19:12,2026-05-20T11:32:35,0,/content/drive/MyDrive/COMP6242/Project/llm-failure/llm-failure-7b-results/logs/qwen__gsm_plus__zero_shot__20260520_101912.log,/content/drive/MyDrive/COMP6242/Project/llm-failure/llm-failure-7b-results/raw/qwen__gsm_plus__zero_shot__20260520_101912__gsm_plus__Qwen_Qwen2-5-7B-Instruct__gsm_plus__20260520_1020.json
qwen__gsm_plus__targeted_few_shot_answer_only__20260520_113236,qwen,Qwen/Qwen2.5-7B-Instruct,Qwen/Qwen2.5-7B-Instruct,gsm_plus,targeted_few_shot_answer_only,success,2026-05-20T11:32:36,2026-05-20T12:30:30,0,/content/drive/MyDrive/COMP6242/Project/llm-failure/llm-failure-7b-results/logs/qwen__gsm_plus__targeted_few_shot_answer_only__20260520_113236.log,/content/drive/MyDrive/COMP6242/Project/llm-failure/llm-failure-7b-results/raw/qwen__gsm_plus__targeted_few_shot_answer_only__20260520_113236__gsm_plus__Qwen_Qwen2-5-7B-Instruct__gsm_plus__20260520_1133.json
qwen__gsm_plus__random_few_shot__20260520_123031,qwen,Qwen/Qwen2.5-7B-Instruct,Qwen/Qwen2.5-7B-Instruct,gsm_plus,random_few_shot,success,2026-05-20T12:30:31,2026-05-20T13:26:55,0,/content/drive/MyDrive/COMP6242/Project/llm-failure/llm-failure-7b-results/logs/qwen__gsm_plus__random_few_shot__20260520_123031.log,/content/drive/MyDrive/COMP6242/Project/llm-failure/llm-failure-7b-results/raw/qwen__gsm_plus__random_few_shot__20260520_123031__gsm_plus__Qwen_Qwen2-5-7B-Instruct__gsm_plus__20260520_1231.json
qwen__gsm_plus__targeted_few_shot__20260520_132655,qwen,Qwen/Qwen2.5-7B-Instruct,Qwen/Qwen2.5-7B-Instruct,gsm_plus,targeted_few_shot,success,2026-05-20T13:26:55,2026-05-20T14:33:57,0,/content/drive/MyDrive/COMP6242/Project/llm-failure/llm-failure-7b-results/logs/qwen__gsm_plus__targeted_few_shot__20260520_132655.log,/content/drive/MyDrive/COMP6242/Project/llm-failure/llm-failure-7b-results/raw/qwen__gsm_plus__targeted_few_shot__20260520_132655__gsm_plus__Qwen_Qwen2-5-7B-Instruct__gsm_plus__20260520_1328.json
qwen__gsm_plus__targeted_few_shot_k5__20260520_143358,qwen,Qwen/Qwen2.5-7B-Instruct,Qwen/Qwen2.5-7B-Instruct,gsm_plus,targeted_few_shot_k5,success,2026-05-20T14:33:58,2026-05-20T15:39:31,0,/content/drive/MyDrive/COMP6242/Project/llm-failure/llm-failure-7b-results/logs/qwen__gsm_plus__targeted_few_shot_k5__20260520_143358.log,/content/drive/MyDrive/COMP6242/Project/llm-failure/llm-failure-7b-results/raw/qwen__gsm_plus__targeted_few_shot_k5__20260520_143358__gsm_plus__Qwen_Qwen2-5-7B-Instruct__gsm_plus__20260520_1435.json
qwen__gsm_plus__error_targeted_icl__20260520_153931,qwen,Qwen/Qwen2.5-7B-Instruct,Qwen/Qwen2.5-7B-Instruct,gsm_plus,error_targeted_icl,success,2026-05-20T15:39:31,2026-05-21T02:56:12,0,/content/drive/MyDrive/COMP6242/Project/llm-failure/llm-failure-7b-results/logs/qwen__gsm_plus__error_targeted_icl__20260520_153931.log,/content/drive/MyDrive/COMP6242/Project/llm-failure/llm-failure-7b-results/raw/qwen__gsm_plus__error_targeted_icl__20260520_153931__gsm_plus__Qwen_Qwen2-5-7B-Instruct__gsm_plus__20260520_1540.json
qwen__gsm_plus__error_targeted_icl_random__20260521_025614,qwen,Qwen/Qwen2.5-7B-Instruct,Qwen/Qwen2.5-7B-Instruct,gsm_plus,error_targeted_icl_random,success,2026-05-21T02:56:14,2026-05-21T03:53:12,0,/content/drive/MyDrive/COMP6242/Project/llm-failure/llm-failure-7b-results/logs/qwen__gsm_plus__error_targeted_icl_random__20260521_025614.log,/content/drive/MyDrive/COMP6242/Project/llm-failure/llm-failure-7b-results/raw/qwen__gsm_plus__error_targeted_icl_random__20260521_025614__gsm_plus__Qwen_Qwen2-5-7B-Instruct__gsm_plus__20260521_0258.json
qwen__gsm_plus__error_targeted_icl_correct_only__20260521_035316,qwen,Qwen/Qwen2.5-7B-Instruct,Qwen/Qwen2.5-7B-Instruct,gsm_plus,error_targeted_icl_correct_only,success,2026-05-21T03:53:16,2026-05-21T04:47:50,0,/content/drive/MyDrive/COMP6242/Project/llm-failure/llm-failure-7b-results/logs/qwen__gsm_plus__error_targeted_icl_correct_only__20260521_035316.log,/content/drive/MyDrive/COMP6242/Project/llm-failure/llm-failure-7b-results/raw/qwen__gsm_plus__error_targeted_icl_correct_only__20260521_035316__gsm_plus__Qwen_Qwen2-5-7B-Instruct__gsm_plus__20260521_0355.json
qwen__gsm_plus__self_consistency__20260521_044754,qwen,Qwen/Qwen2.5-7B-Instruct,Qwen/Qwen2.5-7B-Instruct,gsm_plus,self_consistency,success,2026-05-21T04:47:54,2026-05-21T10:49:16,0,/content/drive/MyDrive/COMP6242/Project/llm-failure/llm-failure-7b-results/logs/qwen__gsm_plus__self_consistency__20260521_044754.log,/content/drive/MyDrive/COMP6242/Project/llm-failure/llm-failure-7b-results/raw/qwen__gsm_plus__self_consistency__20260521_044754__gsm_plus__Qwen_Qwen2-5-7B-Instruct__gsm_plus__20260521_0449.json
qwen__gsm_ic__zero_shot_baseline__20260521_104917,qwen,Qwen/Qwen2.5-7B-Instruct,Qwen/Qwen2.5-7B-Instruct,gsm_ic,zero_shot_baseline,success,2026-05-21T10:49:17,2026-05-21T11:09:23,0,/content/drive/MyDrive/COMP6242/Project/llm-failure/llm-failure-7b-results/logs/qwen__gsm_ic__zero_shot_baseline__20260521_104917.log,/content/drive/MyDrive/COMP6242/Project/llm-failure/llm-failure-7b-results/raw/qwen__gsm_ic__zero_shot_baseline__20260521_104917__gsm_ic__Qwen_Qwen2-5-7B-Instruct__gsm_ic__20260521_1050.json
qwen__gsm_ic__zero_shot__20260521_110924,qwen,Qwen/Qwen2.5-7B-Instruct,Qwen/Qwen2.5-7B-Instruct,gsm_ic,zero_shot,success,2026-05-21T11:09:24,2026-05-21T12:02:33,0,/content/drive/MyDrive/COMP6242/Project/llm-failure/llm-failure-7b-results/logs/qwen__gsm_ic__zero_shot__20260521_110924.log,/content/drive/MyDrive/COMP6242/Project/llm-failure/llm-failure-7b-results/raw/qwen__gsm_ic__zero_shot__20260521_110924__gsm_ic__Qwen_Qwen2-5-7B-Instruct__gsm_ic__20260521_1110.json
qwen__gsm_ic__targeted_few_shot_answer_only__20260521_120234,qwen,Qwen/Qwen2.5-7B-Instruct,Qwen/Qwen2.5-7B-Instruct,gsm_ic,targeted_few_shot_answer_only,success,2026-05-21T12:02:34,2026-05-21T12:48:49,0,/content/drive/MyDrive/COMP6242/Project/llm-failure/llm-failure-7b-results/logs/qwen__gsm_ic__targeted_few_shot_answer_only__20260521_120234.log,/content/drive/MyDrive/COMP6242/Project/llm-failure/llm-failure-7b-results/raw/qwen__gsm_ic__targeted_few_shot_answer_only__20260521_120234__gsm_ic__Qwen_Qwen2-5-7B-Instruct__gsm_ic__20260521_1203.json
qwen__gsm_ic__random_few_shot__20260521_124850,qwen,Qwen/Qwen2.5-7B-Instruct,Qwen/Qwen2.5-7B-Instruct,gsm_ic,random_few_shot,success,2026-05-21T12:48:50,2026-05-21T13:34:48,0,/content/drive/MyDrive/COMP6242/Project/llm-failure/llm-failure-7b-results/logs/qwen__gsm_ic__random_few_shot__20260521_124850.log,/content/drive/MyDrive/COMP6242/Project/llm-failure/llm-failure-7b-results/raw/qwen__gsm_ic__random_few_shot__20260521_124850__gsm_ic__Qwen_Qwen2-5-7B-Instruct__gsm_ic__20260521_1250.json
qwen__gsm_ic__targeted_few_shot__20260521_133449,qwen,Qwen/Qwen2.5-7B-Instruct,Qwen/Qwen2.5-7B-Instruct,gsm_ic,targeted_few_shot,success,2026-05-21T13:34:49,2026-05-21T14:26:39,0,/content/drive/MyDrive/COMP6242/Project/llm-failure/llm-failure-7b-results/logs/qwen__gsm_ic__targeted_few_shot__20260521_133449.log,/content/drive/MyDrive/COMP6242/Project/llm-failure/llm-failure-7b-results/raw/qwen__gsm_ic__targeted_few_shot__20260521_133449__gsm_ic__Qwen_Qwen2-5-7B-Instruct__gsm_ic__20260521_1336.json
qwen__gsm_ic__targeted_few_shot_k5__20260521_142640,qwen,Qwen/Qwen2.5-7B-Instruct,Qwen/Qwen2.5-7B-Instruct,gsm_ic,targeted_few_shot_k5,success,2026-05-21T14:26:40,2026-05-21T15:17:24,0,/content/drive/MyDrive/COMP6242/Project/llm-failure/llm-failure-7b-results/logs/qwen__gsm_ic__targeted_few_shot_k5__20260521_142640.log,/content/drive/MyDrive/COMP6242/Project/llm-failure/llm-failure-7b-results/raw/qwen__gsm_ic__targeted_few_shot_k5__20260521_142640__gsm_ic__Qwen_Qwen2-5-7B-Instruct__gsm_ic__20260521_1427.json
qwen__gsm_ic__error_targeted_icl__20260521_151725,qwen,Qwen/Qwen2.5-7B-Instruct,Qwen/Qwen2.5-7B-Instruct,gsm_ic,error_targeted_icl,success,2026-05-21T15:17:25,2026-05-21T16:04:22,0,/content/drive/MyDrive/COMP6242/Project/llm-failure/llm-failure-7b-results/logs/qwen__gsm_ic__error_targeted_icl__20260521_151725.log,/content/drive/MyDrive/COMP6242/Project/llm-failure/llm-failure-7b-results/raw/qwen__gsm_ic__error_targeted_icl__20260521_151725__gsm_ic__Qwen_Qwen2-5-7B-Instruct__gsm_ic__20260521_1518.json
qwen__gsm_ic__error_targeted_icl_random__20260521_160422,qwen,Qwen/Qwen2.5-7B-Instruct,Qwen/Qwen2.5-7B-Instruct,gsm_ic,error_targeted_icl_random,success,2026-05-21T16:04:22,2026-05-21T16:50:40,0,/content/drive/MyDrive/COMP6242/Project/llm-failure/llm-failure-7b-results/logs/qwen__gsm_ic__error_targeted_icl_random__20260521_160422.log,/content/drive/MyDrive/COMP6242/Project/llm-failure/llm-failure-7b-results/raw/qwen__gsm_ic__error_targeted_icl_random__20260521_160422__gsm_ic__Qwen_Qwen2-5-7B-Instruct__gsm_ic__20260521_1605.json
qwen__gsm_ic__error_targeted_icl_correct_only__20260521_165041,qwen,Qwen/Qwen2.5-7B-Instruct,Qwen/Qwen2.5-7B-Instruct,gsm_ic,error_targeted_icl_correct_only,success,2026-05-21T16:50:41,2026-05-21T18:19:07,0,/content/drive/MyDrive/COMP6242/Project/llm-failure/llm-failure-7b-results/logs/qwen__gsm_ic__error_targeted_icl_correct_only__20260521_165041.log,/content/drive/MyDrive/COMP6242/Project/llm-failure/llm-failure-7b-results/raw/qwen__gsm_ic__error_targeted_icl_correct_only__20260521_165041__gsm_ic__Qwen_Qwen2-5-7B-Instruct__gsm_ic__20260521_1651.json
qwen__gsm_ic__self_consistency__20260521_181907,qwen,Qwen/Qwen2.5-7B-Instruct,Qwen/Qwen2.5-7B-Instruct,gsm_ic,self_consistency,success,2026-05-21T18:19:07,2026-05-21T23:11:13,0,/content/drive/MyDrive/COMP6242/Project/llm-failure/llm-failure-7b-results/logs/qwen__gsm_ic__self_consistency__20260521_181907.log,/content/drive/MyDrive/COMP6242/Project/llm-failure/llm-failure-7b-results/raw/qwen__gsm_ic__self_consistency__20260521_181907__gsm_ic__Qwen_Qwen2-5-7B-Instruct__gsm_ic__20260521_1819.json
qwen__bigbench_hard__zero_shot_baseline__20260521_231113,qwen,Qwen/Qwen2.5-7B-Instruct,Qwen/Qwen2.5-7B-Instruct,bigbench_hard,zero_shot_baseline,success,2026-05-21T23:11:13,2026-05-22T00:23:04,0,/content/drive/MyDrive/COMP6242/Project/llm-failure/llm-failure-7b-results/logs/qwen__bigbench_hard__zero_shot_baseline__20260521_231113.log,/content/drive/MyDrive/COMP6242/Project/llm-failure/llm-failure-7b-results/raw/qwen__bigbench_hard__zero_shot_baseline__20260521_231113__bigbench_hard__Qwen_Qwen2-5-7B-Instruct__bigbench_hard__20260521_2311.json
qwen__bigbench_hard__zero_shot__20260522_002304,qwen,Qwen/Qwen2.5-7B-Instruct,Qwen/Qwen2.5-7B-Instruct,bigbench_hard,zero_shot,success,2026-05-22T00:23:04,2026-05-22T01:57:41,0,/content/drive/MyDrive/COMP6242/Project/llm-failure/llm-failure-7b-results/logs/qwen__bigbench_hard__zero_shot__20260522_002304.log,/content/drive/MyDrive/COMP6242/Project/llm-failure/llm-failure-7b-results/raw/qwen__bigbench_hard__zero_shot__20260522_002304__bigbench_hard__Qwen_Qwen2-5-7B-Instruct__bigbench_hard__20260522_0023.json
qwen__bigbench_hard__targeted_few_shot_answer_only__20260522_015741,qwen,Qwen/Qwen2.5-7B-Instruct,Qwen/Qwen2.5-7B-Instruct,bigbench_hard,targeted_few_shot_answer_only,success,2026-05-22T01:57:41,2026-05-22T03:08:02,0,/content/drive/MyDrive/COMP6242/Project/llm-failure/llm-failure-7b-results/logs/qwen__bigbench_hard__targeted_few_shot_answer_only__20260522_015741.log,/content/drive/MyDrive/COMP6242/Project/llm-failure/llm-failure-7b-results/raw/qwen__bigbench_hard__targeted_few_shot_answer_only__20260522_015741__bigbench_hard__Qwen_Qwen2-5-7B-Instruct__bigbench_hard__20260522_0158.json
qwen__bigbench_hard__random_few_shot__20260522_030802,qwen,Qwen/Qwen2.5-7B-Instruct,Qwen/Qwen2.5-7B-Instruct,bigbench_hard,random_few_shot,success,2026-05-22T03:08:02,2026-05-22T04:30:04,0,/content/drive/MyDrive/COMP6242/Project/llm-failure/llm-failure-7b-results/logs/qwen__bigbench_hard__random_few_shot__20260522_030802.log,/content/drive/MyDrive/COMP6242/Project/llm-failure/llm-failure-7b-results/raw/qwen__bigbench_hard__random_few_shot__20260522_030802__bigbench_hard__Qwen_Qwen2-5-7B-Instruct__bigbench_hard__20260522_0308.json
qwen__bigbench_hard__targeted_few_shot__20260522_043004,qwen,Qwen/Qwen2.5-7B-Instruct,Qwen/Qwen2.5-7B-Instruct,bigbench_hard,targeted_few_shot,success,2026-05-22T04:30:04,2026-05-22T07:33:48,0,/content/drive/MyDrive/COMP6242/Project/llm-failure/llm-failure-7b-results/logs/qwen__bigbench_hard__targeted_few_shot__20260522_043004.log,/content/drive/MyDrive/COMP6242/Project/llm-failure/llm-failure-7b-results/raw/qwen__bigbench_hard__targeted_few_shot__20260522_043004__bigbench_hard__Qwen_Qwen2-5-7B-Instruct__bigbench_hard__20260522_0430.json
qwen__bigbench_hard__targeted_few_shot_k5__20260522_073349,qwen,Qwen/Qwen2.5-7B-Instruct,Qwen/Qwen2.5-7B-Instruct,bigbench_hard,targeted_few_shot_k5,success,2026-05-22T07:33:49,2026-05-22T08:52:55,0,/content/drive/MyDrive/COMP6242/Project/llm-failure/llm-failure-7b-results/logs/qwen__bigbench_hard__targeted_few_shot_k5__20260522_073349.log,/content/drive/MyDrive/COMP6242/Project/llm-failure/llm-failure-7b-results/raw/qwen__bigbench_hard__targeted_few_shot_k5__20260522_073349__bigbench_hard__Qwen_Qwen2-5-7B-Instruct__bigbench_hard__20260522_0734.json
qwen__bigbench_hard__error_targeted_icl__20260522_085255,qwen,Qwen/Qwen2.5-7B-Instruct,Qwen/Qwen2.5-7B-Instruct,bigbench_hard,error_targeted_icl,success,2026-05-22T08:52:55,2026-05-22T09:58:24,0,/content/drive/MyDrive/COMP6242/Project/llm-failure/llm-failure-7b-results/logs/qwen__bigbench_hard__error_targeted_icl__20260522_085255.log,/content/drive/MyDrive/COMP6242/Project/llm-failure/llm-failure-7b-results/raw/qwen__bigbench_hard__error_targeted_icl__20260522_085255__bigbench_hard__Qwen_Qwen2-5-7B-Instruct__bigbench_hard__20260522_0853.json
qwen__bigbench_hard__error_targeted_icl_random__20260522_095824,qwen,Qwen/Qwen2.5-7B-Instruct,Qwen/Qwen2.5-7B-Instruct,bigbench_hard,error_targeted_icl_random,success,2026-05-22T09:58:24,2026-05-22T11:06:06,0,/content/drive/MyDrive/COMP6242/Project/llm-failure/llm-failure-7b-results/logs/qwen__bigbench_hard__error_targeted_icl_random__20260522_095824.log,/content/drive/MyDrive/COMP6242/Project/llm-failure/llm-failure-7b-results/raw/qwen__bigbench_hard__error_targeted_icl_random__20260522_095824__bigbench_hard__Qwen_Qwen2-5-7B-Instruct__bigbench_hard__20260522_0958.json
qwen__bigbench_hard__error_targeted_icl_correct_only__20260522_110606,qwen,Qwen/Qwen2.5-7B-Instruct,Qwen/Qwen2.5-7B-Instruct,bigbench_hard,error_targeted_icl_correct_only,success,2026-05-22T11:06:06,2026-05-22T12:09:06,0,/content/drive/MyDrive/COMP6242/Project/llm-failure/llm-failure-7b-results/logs/qwen__bigbench_hard__error_targeted_icl_correct_only__20260522_110606.log,/content/drive/MyDrive/COMP6242/Project/llm-failure/llm-failure-7b-results/raw/qwen__bigbench_hard__error_targeted_icl_correct_only__20260522_110606__bigbench_hard__Qwen_Qwen2-5-7B-Instruct__bigbench_hard__20260522_1106.json
qwen__bigbench_hard__self_consistency__20260522_120906,qwen,Qwen/Qwen2.5-7B-Instruct,Qwen/Qwen2.5-7B-Instruct,bigbench_hard,self_consistency,success,2026-05-22T12:09:06,2026-05-22T18:48:13,0,/content/drive/MyDrive/COMP6242/Project/llm-failure/llm-failure-7b-results/logs/qwen__bigbench_hard__self_consistency__20260522_120906.log,/content/drive/MyDrive/COMP6242/Project/llm-failure/llm-failure-7b-results/raw/qwen__bigbench_hard__self_consistency__20260522_120906__bigbench_hard__Qwen_Qwen2-5-7B-Instruct__bigbench_hard__20260522_1209.json
qwen__bigbench_hard_tracking__zero_shot_baseline__20260522_184813,qwen,Qwen/Qwen2.5-7B-Instruct,Qwen/Qwen2.5-7B-Instruct,bigbench_hard_tracking,zero_shot_baseline,success,2026-05-22T18:48:13,2026-05-22T19:55:31,0,/content/drive/MyDrive/COMP6242/Project/llm-failure/llm-failure-7b-results/logs/qwen__bigbench_hard_tracking__zero_shot_baseline__20260522_184813.log,/content/drive/MyDrive/COMP6242/Project/llm-failure/llm-failure-7b-results/raw/qwen__bigbench_hard_tracking__zero_shot_baseline__20260522_184813__bigbench_hard_tracking__Qwen_Qwen2-5-7B-Instruct__bigbench_hard_tracking__20260522_1848.json
qwen__bigbench_hard_tracking__zero_shot__20260522_195531,qwen,Qwen/Qwen2.5-7B-Instruct,Qwen/Qwen2.5-7B-Instruct,bigbench_hard_tracking,zero_shot,success,2026-05-22T19:55:31,2026-05-22T21:15:04,0,/content/drive/MyDrive/COMP6242/Project/llm-failure/llm-failure-7b-results/logs/qwen__bigbench_hard_tracking__zero_shot__20260522_195531.log,/content/drive/MyDrive/COMP6242/Project/llm-failure/llm-failure-7b-results/raw/qwen__bigbench_hard_tracking__zero_shot__20260522_195531__bigbench_hard_tracking__Qwen_Qwen2-5-7B-Instruct__bigbench_hard_tracking__20260522_1955.json
qwen__bigbench_hard_tracking__targeted_few_shot_answer_only__20260522_211504,qwen,Qwen/Qwen2.5-7B-Instruct,Qwen/Qwen2.5-7B-Instruct,bigbench_hard_tracking,targeted_few_shot_answer_only,success,2026-05-22T21:15:04,2026-05-22T22:24:14,0,/content/drive/MyDrive/COMP6242/Project/llm-failure/llm-failure-7b-results/logs/qwen__bigbench_hard_tracking__targeted_few_shot_answer_only__20260522_211504.log,/content/drive/MyDrive/COMP6242/Project/llm-failure/llm-failure-7b-results/raw/qwen__bigbench_hard_tracking__targeted_few_shot_answer_only__20260522_211504__bigbench_hard_tracking__Qwen_Qwen2-5-7B-Instruct__bigbench_hard_tracking__20260522_2115.json
qwen__bigbench_hard_tracking__random_few_shot__20260522_222414,qwen,Qwen/Qwen2.5-7B-Instruct,Qwen/Qwen2.5-7B-Instruct,bigbench_hard_tracking,random_few_shot,success,2026-05-22T22:24:14,2026-05-22T23:28:11,0,/content/drive/MyDrive/COMP6242/Project/llm-failure/llm-failure-7b-results/logs/qwen__bigbench_hard_tracking__random_few_shot__20260522_222414.log,/content/drive/MyDrive/COMP6242/Project/llm-failure/llm-failure-7b-results/raw/qwen__bigbench_hard_tracking__random_few_shot__20260522_222414__bigbench_hard_tracking__Qwen_Qwen2-5-7B-Instruct__bigbench_hard_tracking__20260522_2224.json
qwen__bigbench_hard_tracking__targeted_few_shot__20260522_232811,qwen,Qwen/Qwen2.5-7B-Instruct,Qwen/Qwen2.5-7B-Instruct,bigbench_hard_tracking,targeted_few_shot,success,2026-05-22T23:28:11,2026-05-23T00:35:26,0,/content/drive/MyDrive/COMP6242/Project/llm-failure/llm-failure-7b-results/logs/qwen__bigbench_hard_tracking__targeted_few_shot__20260522_232811.log,/content/drive/MyDrive/COMP6242/Project/llm-failure/llm-failure-7b-results/raw/qwen__bigbench_hard_tracking__targeted_few_shot__20260522_232811__bigbench_hard_tracking__Qwen_Qwen2-5-7B-Instruct__bigbench_hard_tracking__20260522_2328.json
qwen__bigbench_hard_tracking__targeted_few_shot_k5__20260523_003527,qwen,Qwen/Qwen2.5-7B-Instruct,Qwen/Qwen2.5-7B-Instruct,bigbench_hard_tracking,targeted_few_shot_k5,success,2026-05-23T00:35:27,2026-05-23T01:41:44,0,/content/drive/MyDrive/COMP6242/Project/llm-failure/llm-failure-7b-results/logs/qwen__bigbench_hard_tracking__targeted_few_shot_k5__20260523_003527.log,/content/drive/MyDrive/COMP6242/Project/llm-failure/llm-failure-7b-results/raw/qwen__bigbench_hard_tracking__targeted_few_shot_k5__20260523_003527__bigbench_hard_tracking__Qwen_Qwen2-5-7B-Instruct__bigbench_hard_tracking__20260523_0035.json
qwen__bigbench_hard_tracking__error_targeted_icl__20260523_014144,qwen,Qwen/Qwen2.5-7B-Instruct,Qwen/Qwen2.5-7B-Instruct,bigbench_hard_tracking,error_targeted_icl,success,2026-05-23T01:41:44,2026-05-23T03:14:01,0,/content/drive/MyDrive/COMP6242/Project/llm-failure/llm-failure-7b-results/logs/qwen__bigbench_hard_tracking__error_targeted_icl__20260523_014144.log,/content/drive/MyDrive/COMP6242/Project/llm-failure/llm-failure-7b-results/raw/qwen__bigbench_hard_tracking__error_targeted_icl__20260523_014144__bigbench_hard_tracking__Qwen_Qwen2-5-7B-Instruct__bigbench_hard_tracking__20260523_0142.json
qwen__bigbench_hard_tracking__error_targeted_icl_random__20260523_031401,qwen,Qwen/Qwen2.5-7B-Instruct,Qwen/Qwen2.5-7B-Instruct,bigbench_hard_tracking,error_targeted_icl_random,success,2026-05-23T03:14:01,2026-05-23T04:31:29,0,/content/drive/MyDrive/COMP6242/Project/llm-failure/llm-failure-7b-results/logs/qwen__bigbench_hard_tracking__error_targeted_icl_random__20260523_031401.log,/content/drive/MyDrive/COMP6242/Project/llm-failure/llm-failure-7b-results/raw/qwen__bigbench_hard_tracking__error_targeted_icl_random__20260523_031401__bigbench_hard_tracking__Qwen_Qwen2-5-7B-Instruct__bigbench_hard_tracking__20260523_0314.json
qwen__bigbench_hard_tracking__error_targeted_icl_correct_only__20260523_043130,qwen,Qwen/Qwen2.5-7B-Instruct,Qwen/Qwen2.5-7B-Instruct,bigbench_hard_tracking,error_targeted_icl_correct_only,success,2026-05-23T04:31:30,2026-05-23T05:35:18,0,/content/drive/MyDrive/COMP6242/Project/llm-failure/llm-failure-7b-results/logs/qwen__bigbench_hard_tracking__error_targeted_icl_correct_only__20260523_043130.log,/content/drive/MyDrive/COMP6242/Project/llm-failure/llm-failure-7b-results/raw/qwen__bigbench_hard_tracking__error_targeted_icl_correct_only__20260523_043130__bigbench_hard_tracking__Qwen_Qwen2-5-7B-Instruct__bigbench_hard_tracking__20260523_0431.json
qwen__bigbench_hard_tracking__self_consistency__20260523_053518,qwen,Qwen/Qwen2.5-7B-Instruct,Qwen/Qwen2.5-7B-Instruct,bigbench_hard_tracking,self_consistency,success,2026-05-23T05:35:18,2026-05-23T12:27:35,0,/content/drive/MyDrive/COMP6242/Project/llm-failure/llm-failure-7b-results/logs/qwen__bigbench_hard_tracking__self_consistency__20260523_053518.log,/content/drive/MyDrive/COMP6242/Project/llm-failure/llm-failure-7b-results/raw/qwen__bigbench_hard_tracking__self_consistency__20260523_053518__bigbench_hard_tracking__Qwen_Qwen2-5-7B-Instruct__bigbench_hard_tracking__20260523_0535.json
qwen__gsm8k__zero_shot_baseline__20260523_122735,qwen,Qwen/Qwen2.5-7B-Instruct,Qwen/Qwen2.5-7B-Instruct,gsm8k,zero_shot_baseline,success,2026-05-23T12:27:35,2026-05-23T12:44:25,0,/content/drive/MyDrive/COMP6242/Project/llm-failure/llm-failure-7b-results/logs/qwen__gsm8k__zero_shot_baseline__20260523_122735.log,/content/drive/MyDrive/COMP6242/Project/llm-failure/llm-failure-7b-results/raw/qwen__gsm8k__zero_shot_baseline__20260523_122735__gsm8k__Qwen_Qwen2-5-7B-Instruct__gsm8k__20260523_1228.json
qwen__gsm8k__zero_shot__20260523_124425,qwen,Qwen/Qwen2.5-7B-Instruct,Qwen/Qwen2.5-7B-Instruct,gsm8k,zero_shot,success,2026-05-23T12:44:25,2026-05-23T13:40:39,0,/content/drive/MyDrive/COMP6242/Project/llm-failure/llm-failure-7b-results/logs/qwen__gsm8k__zero_shot__20260523_124425.log,/content/drive/MyDrive/COMP6242/Project/llm-failure/llm-failure-7b-results/raw/qwen__gsm8k__zero_shot__20260523_124425__gsm8k__Qwen_Qwen2-5-7B-Instruct__gsm8k__20260523_1244.json
qwen__gsm8k__targeted_few_shot_answer_only__20260523_134039,qwen,Qwen/Qwen2.5-7B-Instruct,Qwen/Qwen2.5-7B-Instruct,gsm8k,targeted_few_shot_answer_only,success,2026-05-23T13:40:39,2026-05-23T14:26:45,0,/content/drive/MyDrive/COMP6242/Project/llm-failure/llm-failure-7b-results/logs/qwen__gsm8k__targeted_few_shot_answer_only__20260523_134039.log,/content/drive/MyDrive/COMP6242/Project/llm-failure/llm-failure-7b-results/raw/qwen__gsm8k__targeted_few_shot_answer_only__20260523_134039__gsm8k__Qwen_Qwen2-5-7B-Instruct__gsm8k__20260523_1341.json
qwen__gsm8k__random_few_shot__20260523_142645,qwen,Qwen/Qwen2.5-7B-Instruct,Qwen/Qwen2.5-7B-Instruct,gsm8k,random_few_shot,success,2026-05-23T14:26:45,2026-05-23T15:14:10,0,/content/drive/MyDrive/COMP6242/Project/llm-failure/llm-failure-7b-results/logs/qwen__gsm8k__random_few_shot__20260523_142645.log,/content/drive/MyDrive/COMP6242/Project/llm-failure/llm-failure-7b-results/raw/qwen__gsm8k__random_few_shot__20260523_142645__gsm8k__Qwen_Qwen2-5-7B-Instruct__gsm8k__20260523_1427.json
qwen__gsm8k__targeted_few_shot__20260523_151410,qwen,Qwen/Qwen2.5-7B-Instruct,Qwen/Qwen2.5-7B-Instruct,gsm8k,targeted_few_shot,success,2026-05-23T15:14:10,2026-05-23T16:05:46,0,/content/drive/MyDrive/COMP6242/Project/llm-failure/llm-failure-7b-results/logs/qwen__gsm8k__targeted_few_shot__20260523_151410.log,/content/drive/MyDrive/COMP6242/Project/llm-failure/llm-failure-7b-results/raw/qwen__gsm8k__targeted_few_shot__20260523_151410__gsm8k__Qwen_Qwen2-5-7B-Instruct__gsm8k__20260523_1514.json
qwen__gsm8k__targeted_few_shot_k5__20260523_160546,qwen,Qwen/Qwen2.5-7B-Instruct,Qwen/Qwen2.5-7B-Instruct,gsm8k,targeted_few_shot_k5,success,2026-05-23T16:05:46,2026-05-23T16:54:30,0,/content/drive/MyDrive/COMP6242/Project/llm-failure/llm-failure-7b-results/logs/qwen__gsm8k__targeted_few_shot_k5__20260523_160546.log,/content/drive/MyDrive/COMP6242/Project/llm-failure/llm-failure-7b-results/raw/qwen__gsm8k__targeted_few_shot_k5__20260523_160546__gsm8k__Qwen_Qwen2-5-7B-Instruct__gsm8k__20260523_1606.json
qwen__gsm8k__error_targeted_icl__20260523_165430,qwen,Qwen/Qwen2.5-7B-Instruct,Qwen/Qwen2.5-7B-Instruct,gsm8k,error_targeted_icl,success,2026-05-23T16:54:30,2026-05-23T17:44:43,0,/content/drive/MyDrive/COMP6242/Project/llm-failure/llm-failure-7b-results/logs/qwen__gsm8k__error_targeted_icl__20260523_165430.log,/content/drive/MyDrive/COMP6242/Project/llm-failure/llm-failure-7b-results/raw/qwen__gsm8k__error_targeted_icl__20260523_165430__gsm8k__Qwen_Qwen2-5-7B-Instruct__gsm8k__20260523_1654.json
qwen__gsm8k__error_targeted_icl_random__20260523_174443,qwen,Qwen/Qwen2.5-7B-Instruct,Qwen/Qwen2.5-7B-Instruct,gsm8k,error_targeted_icl_random,success,2026-05-23T17:44:43,2026-05-23T18:33:14,0,/content/drive/MyDrive/COMP6242/Project/llm-failure/llm-failure-7b-results/logs/qwen__gsm8k__error_targeted_icl_random__20260523_174443.log,/content/drive/MyDrive/COMP6242/Project/llm-failure/llm-failure-7b-results/raw/qwen__gsm8k__error_targeted_icl_random__20260523_174443__gsm8k__Qwen_Qwen2-5-7B-Instruct__gsm8k__20260523_1745.json
qwen__gsm8k__error_targeted_icl_correct_only__20260523_183314,qwen,Qwen/Qwen2.5-7B-Instruct,Qwen/Qwen2.5-7B-Instruct,gsm8k,error_targeted_icl_correct_only,success,2026-05-23T18:33:14,2026-05-23T19:18:17,0,/content/drive/MyDrive/COMP6242/Project/llm-failure/llm-failure-7b-results/logs/qwen__gsm8k__error_targeted_icl_correct_only__20260523_183314.log,/content/drive/MyDrive/COMP6242/Project/llm-failure/llm-failure-7b-results/raw/qwen__gsm8k__error_targeted_icl_correct_only__20260523_183314__gsm8k__Qwen_Qwen2-5-7B-Instruct__gsm8k__20260523_1833.json
qwen__gsm8k__self_consistency__20260523_191817,qwen,Qwen/Qwen2.5-7B-Instruct,Qwen/Qwen2.5-7B-Instruct,gsm8k,self_consistency,success,2026-05-23T19:18:17,2026-05-24T00:01:41,0,/content/drive/MyDrive/COMP6242/Project/llm-failure/llm-failure-7b-results/logs/qwen__gsm8k__self_consistency__20260523_191817.log,/content/drive/MyDrive/COMP6242/Project/llm-failure/llm-failure-7b-results/raw/qwen__gsm8k__self_consistency__20260523_191817__gsm8k__Qwen_Qwen2-5-7B-Instruct__gsm8k__20260523_1918.json
qwen__folio__zero_shot_baseline__20260524_000141,qwen,Qwen/Qwen2.5-7B-Instruct,Qwen/Qwen2.5-7B-Instruct,folio,zero_shot_baseline,success,2026-05-24T00:01:41,2026-05-24T00:57:23,0,/content/drive/MyDrive/COMP6242/Project/llm-failure/llm-failure-7b-results/logs/qwen__folio__zero_shot_baseline__20260524_000141.log,/content/drive/MyDrive/COMP6242/Project/llm-failure/llm-failure-7b-results/raw/qwen__folio__zero_shot_baseline__20260524_000141__folio__Qwen_Qwen2-5-7B-Instruct__folio__20260524_0002.json
qwen__folio__zero_shot__20260524_005723,qwen,Qwen/Qwen2.5-7B-Instruct,Qwen/Qwen2.5-7B-Instruct,folio,zero_shot,success,2026-05-24T00:57:23,2026-05-24T02:08:14,0,/content/drive/MyDrive/COMP6242/Project/llm-failure/llm-failure-7b-results/logs/qwen__folio__zero_shot__20260524_005723.log,/content/drive/MyDrive/COMP6242/Project/llm-failure/llm-failure-7b-results/raw/qwen__folio__zero_shot__20260524_005723__folio__Qwen_Qwen2-5-7B-Instruct__folio__20260524_0057.json
qwen__folio__targeted_few_shot_answer_only__20260524_020814,qwen,Qwen/Qwen2.5-7B-Instruct,Qwen/Qwen2.5-7B-Instruct,folio,targeted_few_shot_answer_only,success,2026-05-24T02:08:14,2026-05-24T12:41:54,0,/content/drive/MyDrive/COMP6242/Project/llm-failure/llm-failure-7b-results/logs/qwen__folio__targeted_few_shot_answer_only__20260524_020814.log,/content/drive/MyDrive/COMP6242/Project/llm-failure/llm-failure-7b-results/raw/qwen__folio__targeted_few_shot_answer_only__20260524_020814__folio__Qwen_Qwen2-5-7B-Instruct__folio__20260524_0208.json
qwen__folio__random_few_shot__20260524_124155,qwen,Qwen/Qwen2.5-7B-Instruct,Qwen/Qwen2.5-7B-Instruct,folio,random_few_shot,success,2026-05-24T12:41:55,2026-05-24T13:43:19,0,/content/drive/MyDrive/COMP6242/Project/llm-failure/llm-failure-7b-results/logs/qwen__folio__random_few_shot__20260524_124155.log,/content/drive/MyDrive/COMP6242/Project/llm-failure/llm-failure-7b-results/raw/qwen__folio__random_few_shot__20260524_124155__folio__Qwen_Qwen2-5-7B-Instruct__folio__20260524_1242.json
qwen__folio__targeted_few_shot__20260524_134319,qwen,Qwen/Qwen2.5-7B-Instruct,Qwen/Qwen2.5-7B-Instruct,folio,targeted_few_shot,success,2026-05-24T13:43:19,2026-05-24T15:09:32,0,/content/drive/MyDrive/COMP6242/Project/llm-failure/llm-failure-7b-results/logs/qwen__folio__targeted_few_shot__20260524_134319.log,/content/drive/MyDrive/COMP6242/Project/llm-failure/llm-failure-7b-results/raw/qwen__folio__targeted_few_shot__20260524_134319__folio__Qwen_Qwen2-5-7B-Instruct__folio__20260524_1343.json
qwen__folio__targeted_few_shot_k5__20260524_150932,qwen,Qwen/Qwen2.5-7B-Instruct,Qwen/Qwen2.5-7B-Instruct,folio,targeted_few_shot_k5,success,2026-05-24T15:09:32,2026-05-24T16:34:32,0,/content/drive/MyDrive/COMP6242/Project/llm-failure/llm-failure-7b-results/logs/qwen__folio__targeted_few_shot_k5__20260524_150932.log,/content/drive/MyDrive/COMP6242/Project/llm-failure/llm-failure-7b-results/raw/qwen__folio__targeted_few_shot_k5__20260524_150932__folio__Qwen_Qwen2-5-7B-Instruct__folio__20260524_1509.json
qwen__folio__error_targeted_icl__20260524_163432,qwen,Qwen/Qwen2.5-7B-Instruct,Qwen/Qwen2.5-7B-Instruct,folio,error_targeted_icl,success,2026-05-24T16:34:32,2026-05-24T17:44:00,0,/content/drive/MyDrive/COMP6242/Project/llm-failure/llm-failure-7b-results/logs/qwen__folio__error_targeted_icl__20260524_163432.log,/content/drive/MyDrive/COMP6242/Project/llm-failure/llm-failure-7b-results/raw/qwen__folio__error_targeted_icl__20260524_163432__folio__Qwen_Qwen2-5-7B-Instruct__folio__20260524_1634.json
qwen__folio__error_targeted_icl_random__20260524_174400,qwen,Qwen/Qwen2.5-7B-Instruct,Qwen/Qwen2.5-7B-Instruct,folio,error_targeted_icl_random,success,2026-05-24T17:44:00,2026-05-24T18:52:09,0,/content/drive/MyDrive/COMP6242/Project/llm-failure/llm-failure-7b-results/logs/qwen__folio__error_targeted_icl_random__20260524_174400.log,/content/drive/MyDrive/COMP6242/Project/llm-failure/llm-failure-7b-results/raw/qwen__folio__error_targeted_icl_random__20260524_174400__folio__Qwen_Qwen2-5-7B-Instruct__folio__20260524_1744.json
qwen__folio__error_targeted_icl_correct_only__20260524_185210,qwen,Qwen/Qwen2.5-7B-Instruct,Qwen/Qwen2.5-7B-Instruct,folio,error_targeted_icl_correct_only,success,2026-05-24T18:52:10,2026-05-24T20:07:12,0,/content/drive/MyDrive/COMP6242/Project/llm-failure/llm-failure-7b-results/logs/qwen__folio__error_targeted_icl_correct_only__20260524_185210.log,/content/drive/MyDrive/COMP6242/Project/llm-failure/llm-failure-7b-results/raw/qwen__folio__error_targeted_icl_correct_only__20260524_185210__folio__Qwen_Qwen2-5-7B-Instruct__folio__20260524_1852.json
qwen__folio__self_consistency__20260524_200712,qwen,Qwen/Qwen2.5-7B-Instruct,Qwen/Qwen2.5-7B-Instruct,folio,self_consistency,success,2026-05-24T20:07:12,2026-05-25T01:54:20,0,/content/drive/MyDrive/COMP6242/Project/llm-failure/llm-failure-7b-results/logs/qwen__folio__self_consistency__20260524_200712.log,/content/drive/MyDrive/COMP6242/Project/llm-failure/llm-failure-7b-results/raw/qwen__folio__self_consistency__20260524_200712__folio__Qwen_Qwen2-5-7B-Instruct__folio__20260524_2007.json
gemma__gsm_symbolic__zero_shot_baseline__20260525_015420,gemma,google/gemma-7b-it,google/gemma-7b-it,gsm_symbolic,zero_shot_baseline,failed,2026-05-25T01:54:20,2026-05-25T01:54:29,0,/content/drive/MyDrive/COMP6242/Project/llm-failure/llm-failure-7b-results/logs/gemma__gsm_symbolic__zero_shot_baseline__20260525_015420.log,
gemma__gsm_symbolic__zero_shot_baseline__20260525_135853,gemma,google/gemma-7b-it,google/gemma-7b-it,gsm_symbolic,zero_shot_baseline,success,2026-05-25T13:58:53,2026-05-25T14:31:56,0,/content/drive/MyDrive/COMP6242/Project/llm-failure/llm-failure-7b-results/logs/gemma__gsm_symbolic__zero_shot_baseline__20260525_135853.log,/content/drive/MyDrive/COMP6242/Project/llm-failure/llm-failure-7b-results/raw/gemma__gsm_symbolic__zero_shot_baseline__20260525_135853__gsm_symbolic__google_gemma-7b-it__gsm_symbolic__20260525_1400.json
gemma__gsm_symbolic__zero_shot__20260525_143156,gemma,google/gemma-7b-it,google/gemma-7b-it,gsm_symbolic,zero_shot,success,2026-05-25T14:31:56,2026-05-25T15:19:04,0,/content/drive/MyDrive/COMP6242/Project/llm-failure/llm-failure-7b-results/logs/gemma__gsm_symbolic__zero_shot__20260525_143156.log,/content/drive/MyDrive/COMP6242/Project/llm-failure/llm-failure-7b-results/raw/gemma__gsm_symbolic__zero_shot__20260525_143156__gsm_symbolic__google_gemma-7b-it__gsm_symbolic__20260525_1432.json
gemma__gsm_symbolic__targeted_few_shot_answer_only__20260525_151904,gemma,google/gemma-7b-it,google/gemma-7b-it,gsm_symbolic,targeted_few_shot_answer_only,success,2026-05-25T15:19:04,2026-05-25T15:54:21,0,/content/drive/MyDrive/COMP6242/Project/llm-failure/llm-failure-7b-results/logs/gemma__gsm_symbolic__targeted_few_shot_answer_only__20260525_151904.log,/content/drive/MyDrive/COMP6242/Project/llm-failure/llm-failure-7b-results/raw/gemma__gsm_symbolic__targeted_few_shot_answer_only__20260525_151904__gsm_symbolic__google_gemma-7b-it__gsm_symbolic__20260525_1519.json
gemma__gsm_symbolic__random_few_shot__20260525_155421,gemma,google/gemma-7b-it,google/gemma-7b-it,gsm_symbolic,random_few_shot,success,2026-05-25T15:54:21,2026-05-25T16:45:21,0,/content/drive/MyDrive/COMP6242/Project/llm-failure/llm-failure-7b-results/logs/gemma__gsm_symbolic__random_few_shot__20260525_155421.log,/content/drive/MyDrive/COMP6242/Project/llm-failure/llm-failure-7b-results/raw/gemma__gsm_symbolic__random_few_shot__20260525_155421__gsm_symbolic__google_gemma-7b-it__gsm_symbolic__20260525_1554.json
gemma__gsm_symbolic__targeted_few_shot__20260525_164521,gemma,google/gemma-7b-it,google/gemma-7b-it,gsm_symbolic,targeted_few_shot,success,2026-05-25T16:45:21,2026-05-25T17:28:37,0,/content/drive/MyDrive/COMP6242/Project/llm-failure/llm-failure-7b-results/logs/gemma__gsm_symbolic__targeted_few_shot__20260525_164521.log,/content/drive/MyDrive/COMP6242/Project/llm-failure/llm-failure-7b-results/raw/gemma__gsm_symbolic__targeted_few_shot__20260525_164521__gsm_symbolic__google_gemma-7b-it__gsm_symbolic__20260525_1645.json
gemma__gsm_symbolic__targeted_few_shot_k5__20260525_172837,gemma,google/gemma-7b-it,google/gemma-7b-it,gsm_symbolic,targeted_few_shot_k5,success,2026-05-25T17:28:37,2026-05-25T18:10:45,0,/content/drive/MyDrive/COMP6242/Project/llm-failure/llm-failure-7b-results/logs/gemma__gsm_symbolic__targeted_few_shot_k5__20260525_172837.log,/content/drive/MyDrive/COMP6242/Project/llm-failure/llm-failure-7b-results/raw/gemma__gsm_symbolic__targeted_few_shot_k5__20260525_172837__gsm_symbolic__google_gemma-7b-it__gsm_symbolic__20260525_1729.json
gemma__gsm_symbolic__error_targeted_icl__20260525_181045,gemma,google/gemma-7b-it,google/gemma-7b-it,gsm_symbolic,error_targeted_icl,success,2026-05-25T18:10:45,2026-05-25T18:58:17,0,/content/drive/MyDrive/COMP6242/Project/llm-failure/llm-failure-7b-results/logs/gemma__gsm_symbolic__error_targeted_icl__20260525_181045.log,/content/drive/MyDrive/COMP6242/Project/llm-failure/llm-failure-7b-results/raw/gemma__gsm_symbolic__error_targeted_icl__20260525_181045__gsm_symbolic__google_gemma-7b-it__gsm_symbolic__20260525_1811.json
gemma__gsm_symbolic__error_targeted_icl_random__20260525_185817,gemma,google/gemma-7b-it,google/gemma-7b-it,gsm_symbolic,error_targeted_icl_random,success,2026-05-25T18:58:17,2026-05-25T19:57:08,0,/content/drive/MyDrive/COMP6242/Project/llm-failure/llm-failure-7b-results/logs/gemma__gsm_symbolic__error_targeted_icl_random__20260525_185817.log,/content/drive/MyDrive/COMP6242/Project/llm-failure/llm-failure-7b-results/raw/gemma__gsm_symbolic__error_targeted_icl_random__20260525_185817__gsm_symbolic__google_gemma-7b-it__gsm_symbolic__20260525_1858.json
gemma__gsm_symbolic__error_targeted_icl_correct_only__20260525_195709,gemma,google/gemma-7b-it,google/gemma-7b-it,gsm_symbolic,error_targeted_icl_correct_only,success,2026-05-25T19:57:09,2026-05-25T20:42:04,0,/content/drive/MyDrive/COMP6242/Project/llm-failure/llm-failure-7b-results/logs/gemma__gsm_symbolic__error_targeted_icl_correct_only__20260525_195709.log,/content/drive/MyDrive/COMP6242/Project/llm-failure/llm-failure-7b-results/raw/gemma__gsm_symbolic__error_targeted_icl_correct_only__20260525_195709__gsm_symbolic__google_gemma-7b-it__gsm_symbolic__20260525_1957.json
gemma__gsm_symbolic__self_consistency__20260525_204204,gemma,google/gemma-7b-it,google/gemma-7b-it,gsm_symbolic,self_consistency,success,2026-05-25T20:42:04,2026-05-26T00:06:47,0,/content/drive/MyDrive/COMP6242/Project/llm-failure/llm-failure-7b-results/logs/gemma__gsm_symbolic__self_consistency__20260525_204204.log,/content/drive/MyDrive/COMP6242/Project/llm-failure/llm-failure-7b-results/raw/gemma__gsm_symbolic__self_consistency__20260525_204204__gsm_symbolic__google_gemma-7b-it__gsm_symbolic__20260525_2042.json
gemma__gsm_plus__zero_shot_baseline__20260526_000648,gemma,google/gemma-7b-it,google/gemma-7b-it,gsm_plus,zero_shot_baseline,success,2026-05-26T00:06:48,2026-05-26T00:36:13,0,/content/drive/MyDrive/COMP6242/Project/llm-failure/llm-failure-7b-results/logs/gemma__gsm_plus__zero_shot_baseline__20260526_000648.log,/content/drive/MyDrive/COMP6242/Project/llm-failure/llm-failure-7b-results/raw/gemma__gsm_plus__zero_shot_baseline__20260526_000648__gsm_plus__google_gemma-7b-it__gsm_plus__20260526_0007.json
gemma__gsm_plus__zero_shot__20260526_003613,gemma,google/gemma-7b-it,google/gemma-7b-it,gsm_plus,zero_shot,success,2026-05-26T00:36:13,2026-05-26T01:10:17,0,/content/drive/MyDrive/COMP6242/Project/llm-failure/llm-failure-7b-results/logs/gemma__gsm_plus__zero_shot__20260526_003613.log,/content/drive/MyDrive/COMP6242/Project/llm-failure/llm-failure-7b-results/raw/gemma__gsm_plus__zero_shot__20260526_003613__gsm_plus__google_gemma-7b-it__gsm_plus__20260526_0036.json
gemma__gsm_plus__targeted_few_shot_answer_only__20260526_011017,gemma,google/gemma-7b-it,google/gemma-7b-it,gsm_plus,targeted_few_shot_answer_only,success,2026-05-26T01:10:17,2026-05-26T01:48:51,0,/content/drive/MyDrive/COMP6242/Project/llm-failure/llm-failure-7b-results/logs/gemma__gsm_plus__targeted_few_shot_answer_only__20260526_011017.log,/content/drive/MyDrive/COMP6242/Project/llm-failure/llm-failure-7b-results/raw/gemma__gsm_plus__targeted_few_shot_answer_only__20260526_011017__gsm_plus__google_gemma-7b-it__gsm_plus__20260526_0110.json
gemma__gsm_plus__random_few_shot__20260526_014851,gemma,google/gemma-7b-it,google/gemma-7b-it,gsm_plus,random_few_shot,success,2026-05-26T01:48:51,2026-05-26T02:27:29,0,/content/drive/MyDrive/COMP6242/Project/llm-failure/llm-failure-7b-results/logs/gemma__gsm_plus__random_few_shot__20260526_014851.log,/content/drive/MyDrive/COMP6242/Project/llm-failure/llm-failure-7b-results/raw/gemma__gsm_plus__random_few_shot__20260526_014851__gsm_plus__google_gemma-7b-it__gsm_plus__20260526_0149.json
gemma__gsm_plus__targeted_few_shot__20260526_022729,gemma,google/gemma-7b-it,google/gemma-7b-it,gsm_plus,targeted_few_shot,success,2026-05-26T02:27:29,2026-05-26T03:03:40,0,/content/drive/MyDrive/COMP6242/Project/llm-failure/llm-failure-7b-results/logs/gemma__gsm_plus__targeted_few_shot__20260526_022729.log,/content/drive/MyDrive/COMP6242/Project/llm-failure/llm-failure-7b-results/raw/gemma__gsm_plus__targeted_few_shot__20260526_022729__gsm_plus__google_gemma-7b-it__gsm_plus__20260526_0227.json
gemma__gsm_plus__targeted_few_shot_k5__20260526_030340,gemma,google/gemma-7b-it,google/gemma-7b-it,gsm_plus,targeted_few_shot_k5,success,2026-05-26T03:03:40,2026-05-26T03:45:56,0,/content/drive/MyDrive/COMP6242/Project/llm-failure/llm-failure-7b-results/logs/gemma__gsm_plus__targeted_few_shot_k5__20260526_030340.log,/content/drive/MyDrive/COMP6242/Project/llm-failure/llm-failure-7b-results/raw/gemma__gsm_plus__targeted_few_shot_k5__20260526_030340__gsm_plus__google_gemma-7b-it__gsm_plus__20260526_0304.json
gemma__gsm_plus__error_targeted_icl__20260526_034556,gemma,google/gemma-7b-it,google/gemma-7b-it,gsm_plus,error_targeted_icl,success,2026-05-26T03:45:56,2026-05-26T04:32:22,0,/content/drive/MyDrive/COMP6242/Project/llm-failure/llm-failure-7b-results/logs/gemma__gsm_plus__error_targeted_icl__20260526_034556.log,/content/drive/MyDrive/COMP6242/Project/llm-failure/llm-failure-7b-results/raw/gemma__gsm_plus__error_targeted_icl__20260526_034556__gsm_plus__google_gemma-7b-it__gsm_plus__20260526_0346.json
gemma__gsm_plus__error_targeted_icl_random__20260526_043222,gemma,google/gemma-7b-it,google/gemma-7b-it,gsm_plus,error_targeted_icl_random,success,2026-05-26T04:32:22,2026-05-26T05:27:29,0,/content/drive/MyDrive/COMP6242/Project/llm-failure/llm-failure-7b-results/logs/gemma__gsm_plus__error_targeted_icl_random__20260526_043222.log,/content/drive/MyDrive/COMP6242/Project/llm-failure/llm-failure-7b-results/raw/gemma__gsm_plus__error_targeted_icl_random__20260526_043222__gsm_plus__google_gemma-7b-it__gsm_plus__20260526_0432.json
gemma__gsm_plus__error_targeted_icl_correct_only__20260526_052729,gemma,google/gemma-7b-it,google/gemma-7b-it,gsm_plus,error_targeted_icl_correct_only,success,2026-05-26T05:27:29,2026-05-26T06:00:54,0,/content/drive/MyDrive/COMP6242/Project/llm-failure/llm-failure-7b-results/logs/gemma__gsm_plus__error_targeted_icl_correct_only__20260526_052729.log,/content/drive/MyDrive/COMP6242/Project/llm-failure/llm-failure-7b-results/raw/gemma__gsm_plus__error_targeted_icl_correct_only__20260526_052729__gsm_plus__google_gemma-7b-it__gsm_plus__20260526_0527.json
gemma__gsm_plus__self_consistency__20260526_060055,gemma,google/gemma-7b-it,google/gemma-7b-it,gsm_plus,self_consistency,success,2026-05-26T06:00:55,2026-05-26T08:44:03,0,/content/drive/MyDrive/COMP6242/Project/llm-failure/llm-failure-7b-results/logs/gemma__gsm_plus__self_consistency__20260526_060055.log,/content/drive/MyDrive/COMP6242/Project/llm-failure/llm-failure-7b-results/raw/gemma__gsm_plus__self_consistency__20260526_060055__gsm_plus__google_gemma-7b-it__gsm_plus__20260526_0601.json
gemma__gsm_ic__zero_shot_baseline__20260526_084403,gemma,google/gemma-7b-it,google/gemma-7b-it,gsm_ic,zero_shot_baseline,success,2026-05-26T08:44:03,2026-05-26T08:58:20,0,/content/drive/MyDrive/COMP6242/Project/llm-failure/llm-failure-7b-results/logs/gemma__gsm_ic__zero_shot_baseline__20260526_084403.log,/content/drive/MyDrive/COMP6242/Project/llm-failure/llm-failure-7b-results/raw/gemma__gsm_ic__zero_shot_baseline__20260526_084403__gsm_ic__google_gemma-7b-it__gsm_ic__20260526_0844.json
gemma__gsm_ic__zero_shot__20260526_085820,gemma,google/gemma-7b-it,google/gemma-7b-it,gsm_ic,zero_shot,success,2026-05-26T08:58:20,2026-05-26T09:20:57,0,/content/drive/MyDrive/COMP6242/Project/llm-failure/llm-failure-7b-results/logs/gemma__gsm_ic__zero_shot__20260526_085820.log,/content/drive/MyDrive/COMP6242/Project/llm-failure/llm-failure-7b-results/raw/gemma__gsm_ic__zero_shot__20260526_085820__gsm_ic__google_gemma-7b-it__gsm_ic__20260526_0858.json
gemma__gsm_ic__targeted_few_shot_answer_only__20260526_092057,gemma,google/gemma-7b-it,google/gemma-7b-it,gsm_ic,targeted_few_shot_answer_only,success,2026-05-26T09:20:57,2026-05-26T09:54:08,0,/content/drive/MyDrive/COMP6242/Project/llm-failure/llm-failure-7b-results/logs/gemma__gsm_ic__targeted_few_shot_answer_only__20260526_092057.log,/content/drive/MyDrive/COMP6242/Project/llm-failure/llm-failure-7b-results/raw/gemma__gsm_ic__targeted_few_shot_answer_only__20260526_092057__gsm_ic__google_gemma-7b-it__gsm_ic__20260526_0921.json
gemma__gsm_ic__random_few_shot__20260526_095408,gemma,google/gemma-7b-it,google/gemma-7b-it,gsm_ic,random_few_shot,success,2026-05-26T09:54:08,2026-05-26T10:31:10,0,/content/drive/MyDrive/COMP6242/Project/llm-failure/llm-failure-7b-results/logs/gemma__gsm_ic__random_few_shot__20260526_095408.log,/content/drive/MyDrive/COMP6242/Project/llm-failure/llm-failure-7b-results/raw/gemma__gsm_ic__random_few_shot__20260526_095408__gsm_ic__google_gemma-7b-it__gsm_ic__20260526_0954.json
gemma__gsm_ic__targeted_few_shot__20260526_103110,gemma,google/gemma-7b-it,google/gemma-7b-it,gsm_ic,targeted_few_shot,success,2026-05-26T10:31:10,2026-05-26T11:04:50,0,/content/drive/MyDrive/COMP6242/Project/llm-failure/llm-failure-7b-results/logs/gemma__gsm_ic__targeted_few_shot__20260526_103110.log,/content/drive/MyDrive/COMP6242/Project/llm-failure/llm-failure-7b-results/raw/gemma__gsm_ic__targeted_few_shot__20260526_103110__gsm_ic__google_gemma-7b-it__gsm_ic__20260526_1031.json
gemma__gsm_ic__targeted_few_shot_k5__20260526_110450,gemma,google/gemma-7b-it,google/gemma-7b-it,gsm_ic,targeted_few_shot_k5,success,2026-05-26T11:04:50,2026-05-26T11:44:02,0,/content/drive/MyDrive/COMP6242/Project/llm-failure/llm-failure-7b-results/logs/gemma__gsm_ic__targeted_few_shot_k5__20260526_110450.log,/content/drive/MyDrive/COMP6242/Project/llm-failure/llm-failure-7b-results/raw/gemma__gsm_ic__targeted_few_shot_k5__20260526_110450__gsm_ic__google_gemma-7b-it__gsm_ic__20260526_1105.json
gemma__gsm_ic__error_targeted_icl__20260526_114402,gemma,google/gemma-7b-it,google/gemma-7b-it,gsm_ic,error_targeted_icl,success,2026-05-26T11:44:02,2026-05-26T12:28:52,0,/content/drive/MyDrive/COMP6242/Project/llm-failure/llm-failure-7b-results/logs/gemma__gsm_ic__error_targeted_icl__20260526_114402.log,/content/drive/MyDrive/COMP6242/Project/llm-failure/llm-failure-7b-results/raw/gemma__gsm_ic__error_targeted_icl__20260526_114402__gsm_ic__google_gemma-7b-it__gsm_ic__20260526_1144.json
gemma__gsm_ic__error_targeted_icl_random__20260526_122852,gemma,google/gemma-7b-it,google/gemma-7b-it,gsm_ic,error_targeted_icl_random,success,2026-05-26T12:28:52,2026-05-26T13:24:00,0,/content/drive/MyDrive/COMP6242/Project/llm-failure/llm-failure-7b-results/logs/gemma__gsm_ic__error_targeted_icl_random__20260526_122852.log,/content/drive/MyDrive/COMP6242/Project/llm-failure/llm-failure-7b-results/raw/gemma__gsm_ic__error_targeted_icl_random__20260526_122852__gsm_ic__google_gemma-7b-it__gsm_ic__20260526_1229.json
gemma__gsm_ic__error_targeted_icl_correct_only__20260526_132400,gemma,google/gemma-7b-it,google/gemma-7b-it,gsm_ic,error_targeted_icl_correct_only,success,2026-05-26T13:24:00,2026-05-26T14:09:44,0,/content/drive/MyDrive/COMP6242/Project/llm-failure/llm-failure-7b-results/logs/gemma__gsm_ic__error_targeted_icl_correct_only__20260526_132400.log,/content/drive/MyDrive/COMP6242/Project/llm-failure/llm-failure-7b-results/raw/gemma__gsm_ic__error_targeted_icl_correct_only__20260526_132400__gsm_ic__google_gemma-7b-it__gsm_ic__20260526_1324.json
gemma__gsm_ic__self_consistency__20260526_140944,gemma,google/gemma-7b-it,google/gemma-7b-it,gsm_ic,self_consistency,success,2026-05-26T14:09:44,2026-05-26T16:00:31,0,/content/drive/MyDrive/COMP6242/Project/llm-failure/llm-failure-7b-results/logs/gemma__gsm_ic__self_consistency__20260526_140944.log,/content/drive/MyDrive/COMP6242/Project/llm-failure/llm-failure-7b-results/raw/gemma__gsm_ic__self_consistency__20260526_140944__gsm_ic__google_gemma-7b-it__gsm_ic__20260526_1410.json
gemma__bigbench_hard__zero_shot_baseline__20260526_160031,gemma,google/gemma-7b-it,google/gemma-7b-it,bigbench_hard,zero_shot_baseline,success,2026-05-26T16:00:31,2026-05-26T16:15:12,0,/content/drive/MyDrive/COMP6242/Project/llm-failure/llm-failure-7b-results/logs/gemma__bigbench_hard__zero_shot_baseline__20260526_160031.log,/content/drive/MyDrive/COMP6242/Project/llm-failure/llm-failure-7b-results/raw/gemma__bigbench_hard__zero_shot_baseline__20260526_160031__bigbench_hard__google_gemma-7b-it__bigbench_hard__20260526_1601.json
gemma__bigbench_hard__zero_shot__20260526_161512,gemma,google/gemma-7b-it,google/gemma-7b-it,bigbench_hard,zero_shot,success,2026-05-26T16:15:12,2026-05-26T16:46:28,0,/content/drive/MyDrive/COMP6242/Project/llm-failure/llm-failure-7b-results/logs/gemma__bigbench_hard__zero_shot__20260526_161512.log,/content/drive/MyDrive/COMP6242/Project/llm-failure/llm-failure-7b-results/raw/gemma__bigbench_hard__zero_shot__20260526_161512__bigbench_hard__google_gemma-7b-it__bigbench_hard__20260526_1615.json
gemma__bigbench_hard__targeted_few_shot_answer_only__20260526_164628,gemma,google/gemma-7b-it,google/gemma-7b-it,bigbench_hard,targeted_few_shot_answer_only,success,2026-05-26T16:46:28,2026-05-26T17:03:06,0,/content/drive/MyDrive/COMP6242/Project/llm-failure/llm-failure-7b-results/logs/gemma__bigbench_hard__targeted_few_shot_answer_only__20260526_164628.log,/content/drive/MyDrive/COMP6242/Project/llm-failure/llm-failure-7b-results/raw/gemma__bigbench_hard__targeted_few_shot_answer_only__20260526_164628__bigbench_hard__google_gemma-7b-it__bigbench_hard__20260526_1646.json
gemma__bigbench_hard__random_few_shot__20260526_170306,gemma,google/gemma-7b-it,google/gemma-7b-it,bigbench_hard,random_few_shot,running,2026-05-26T17:03:06,,,/content/drive/MyDrive/COMP6242/Project/llm-failure/llm-failure-7b-results/logs/gemma__bigbench_hard__random_few_shot__20260526_170306.log,
