family,benchmark,baseline_condition,condition,error_type,n_baseline_failures,recovered,recovery_rate
gemma,bigbench_hard,zero_shot_baseline,error_targeted_icl,drifting,137,19,0.1386861313868613
gemma,bigbench_hard,zero_shot_baseline,error_targeted_icl,hallucination,2,0,0.0
gemma,bigbench_hard,zero_shot_baseline,error_targeted_icl,premise_order_sensitivity,4,0,0.0
gemma,bigbench_hard,zero_shot_baseline,error_targeted_icl,format_correct_wrong_answer,7,5,0.7142857142857143
gemma,bigbench_hard,zero_shot_baseline,error_targeted_icl,multi_hop,2,0,0.0
gemma,bigbench_hard,zero_shot_baseline,error_targeted_icl_correct_only,drifting,137,18,0.13138686131386862
gemma,bigbench_hard,zero_shot_baseline,error_targeted_icl_correct_only,hallucination,2,0,0.0
gemma,bigbench_hard,zero_shot_baseline,error_targeted_icl_correct_only,premise_order_sensitivity,4,0,0.0
gemma,bigbench_hard,zero_shot_baseline,error_targeted_icl_correct_only,format_correct_wrong_answer,7,2,0.2857142857142857
gemma,bigbench_hard,zero_shot_baseline,error_targeted_icl_correct_only,multi_hop,2,0,0.0
gemma,bigbench_hard,zero_shot_baseline,error_targeted_icl_random,drifting,137,21,0.15328467153284672
gemma,bigbench_hard,zero_shot_baseline,error_targeted_icl_random,hallucination,2,0,0.0
gemma,bigbench_hard,zero_shot_baseline,error_targeted_icl_random,premise_order_sensitivity,4,0,0.0
gemma,bigbench_hard,zero_shot_baseline,error_targeted_icl_random,format_correct_wrong_answer,7,3,0.42857142857142855
gemma,bigbench_hard,zero_shot_baseline,error_targeted_icl_random,multi_hop,2,0,0.0
gemma,bigbench_hard,zero_shot_baseline,random_few_shot,drifting,137,18,0.13138686131386862
gemma,bigbench_hard,zero_shot_baseline,random_few_shot,hallucination,2,0,0.0
gemma,bigbench_hard,zero_shot_baseline,random_few_shot,premise_order_sensitivity,4,0,0.0
gemma,bigbench_hard,zero_shot_baseline,random_few_shot,format_correct_wrong_answer,7,5,0.7142857142857143
gemma,bigbench_hard,zero_shot_baseline,random_few_shot,multi_hop,2,1,0.5
gemma,bigbench_hard,zero_shot_baseline,self_consistency,drifting,137,15,0.10948905109489052
gemma,bigbench_hard,zero_shot_baseline,self_consistency,hallucination,2,2,1.0
gemma,bigbench_hard,zero_shot_baseline,self_consistency,premise_order_sensitivity,4,0,0.0
gemma,bigbench_hard,zero_shot_baseline,self_consistency,format_correct_wrong_answer,7,6,0.8571428571428571
gemma,bigbench_hard,zero_shot_baseline,self_consistency,multi_hop,2,0,0.0
gemma,bigbench_hard,zero_shot_baseline,targeted_few_shot,drifting,137,18,0.13138686131386862
gemma,bigbench_hard,zero_shot_baseline,targeted_few_shot,hallucination,2,0,0.0
gemma,bigbench_hard,zero_shot_baseline,targeted_few_shot,premise_order_sensitivity,4,0,0.0
gemma,bigbench_hard,zero_shot_baseline,targeted_few_shot,format_correct_wrong_answer,7,5,0.7142857142857143
gemma,bigbench_hard,zero_shot_baseline,targeted_few_shot,multi_hop,2,0,0.0
gemma,bigbench_hard,zero_shot_baseline,targeted_few_shot_answer_only,drifting,137,16,0.11678832116788321
gemma,bigbench_hard,zero_shot_baseline,targeted_few_shot_answer_only,hallucination,2,0,0.0
gemma,bigbench_hard,zero_shot_baseline,targeted_few_shot_answer_only,premise_order_sensitivity,4,0,0.0
gemma,bigbench_hard,zero_shot_baseline,targeted_few_shot_answer_only,format_correct_wrong_answer,7,4,0.5714285714285714
gemma,bigbench_hard,zero_shot_baseline,targeted_few_shot_answer_only,multi_hop,2,0,0.0
gemma,bigbench_hard,zero_shot_baseline,targeted_few_shot_k5,drifting,137,26,0.1897810218978102
gemma,bigbench_hard,zero_shot_baseline,targeted_few_shot_k5,hallucination,2,1,0.5
gemma,bigbench_hard,zero_shot_baseline,targeted_few_shot_k5,premise_order_sensitivity,4,0,0.0
gemma,bigbench_hard,zero_shot_baseline,targeted_few_shot_k5,format_correct_wrong_answer,7,4,0.5714285714285714
gemma,bigbench_hard,zero_shot_baseline,targeted_few_shot_k5,multi_hop,2,0,0.0
gemma,bigbench_hard,zero_shot_baseline,zero_shot,drifting,137,23,0.1678832116788321
gemma,bigbench_hard,zero_shot_baseline,zero_shot,hallucination,2,1,0.5
gemma,bigbench_hard,zero_shot_baseline,zero_shot,premise_order_sensitivity,4,0,0.0
gemma,bigbench_hard,zero_shot_baseline,zero_shot,format_correct_wrong_answer,7,5,0.7142857142857143
gemma,bigbench_hard,zero_shot_baseline,zero_shot,multi_hop,2,0,0.0
gemma,bigbench_hard_tracking,zero_shot_baseline,error_targeted_icl,drifting,168,9,0.05357142857142857
gemma,bigbench_hard_tracking,zero_shot_baseline,error_targeted_icl_correct_only,drifting,168,12,0.07142857142857142
gemma,bigbench_hard_tracking,zero_shot_baseline,error_targeted_icl_random,drifting,168,7,0.041666666666666664
gemma,bigbench_hard_tracking,zero_shot_baseline,random_few_shot,drifting,168,24,0.14285714285714285
gemma,bigbench_hard_tracking,zero_shot_baseline,self_consistency,drifting,168,11,0.06547619047619048
gemma,bigbench_hard_tracking,zero_shot_baseline,targeted_few_shot,drifting,168,0,0.0
gemma,bigbench_hard_tracking,zero_shot_baseline,targeted_few_shot_answer_only,drifting,168,11,0.06547619047619048
gemma,bigbench_hard_tracking,zero_shot_baseline,targeted_few_shot_k5,drifting,168,0,0.0
gemma,bigbench_hard_tracking,zero_shot_baseline,zero_shot,drifting,168,12,0.07142857142857142
gemma,folio,zero_shot_baseline,error_targeted_icl,drifting,36,12,0.3333333333333333
gemma,folio,zero_shot_baseline,error_targeted_icl,format_correct_wrong_answer,41,25,0.6097560975609756
gemma,folio,zero_shot_baseline,error_targeted_icl,off_topic,8,3,0.375
gemma,folio,zero_shot_baseline,error_targeted_icl,distractor,12,4,0.3333333333333333
gemma,folio,zero_shot_baseline,error_targeted_icl,negation,2,0,0.0
gemma,folio,zero_shot_baseline,error_targeted_icl,premise_order_sensitivity,2,1,0.5
gemma,folio,zero_shot_baseline,error_targeted_icl_correct_only,drifting,36,12,0.3333333333333333
gemma,folio,zero_shot_baseline,error_targeted_icl_correct_only,format_correct_wrong_answer,41,27,0.6585365853658537
gemma,folio,zero_shot_baseline,error_targeted_icl_correct_only,off_topic,8,3,0.375
gemma,folio,zero_shot_baseline,error_targeted_icl_correct_only,distractor,12,5,0.4166666666666667
gemma,folio,zero_shot_baseline,error_targeted_icl_correct_only,negation,2,0,0.0
gemma,folio,zero_shot_baseline,error_targeted_icl_correct_only,premise_order_sensitivity,2,1,0.5
gemma,folio,zero_shot_baseline,error_targeted_icl_random,drifting,36,10,0.2777777777777778
gemma,folio,zero_shot_baseline,error_targeted_icl_random,format_correct_wrong_answer,41,26,0.6341463414634146
gemma,folio,zero_shot_baseline,error_targeted_icl_random,off_topic,8,3,0.375
gemma,folio,zero_shot_baseline,error_targeted_icl_random,distractor,12,5,0.4166666666666667
gemma,folio,zero_shot_baseline,error_targeted_icl_random,negation,2,0,0.0
gemma,folio,zero_shot_baseline,error_targeted_icl_random,premise_order_sensitivity,2,1,0.5
gemma,folio,zero_shot_baseline,random_few_shot,drifting,36,15,0.4166666666666667
gemma,folio,zero_shot_baseline,random_few_shot,format_correct_wrong_answer,41,8,0.1951219512195122
gemma,folio,zero_shot_baseline,random_few_shot,off_topic,8,2,0.25
gemma,folio,zero_shot_baseline,random_few_shot,distractor,12,2,0.16666666666666666
gemma,folio,zero_shot_baseline,random_few_shot,negation,2,2,1.0
gemma,folio,zero_shot_baseline,random_few_shot,premise_order_sensitivity,2,1,0.5
gemma,folio,zero_shot_baseline,self_consistency,drifting,36,7,0.19444444444444445
gemma,folio,zero_shot_baseline,self_consistency,format_correct_wrong_answer,41,19,0.4634146341463415
gemma,folio,zero_shot_baseline,self_consistency,off_topic,8,5,0.625
gemma,folio,zero_shot_baseline,self_consistency,distractor,12,5,0.4166666666666667
gemma,folio,zero_shot_baseline,self_consistency,negation,2,0,0.0
gemma,folio,zero_shot_baseline,self_consistency,premise_order_sensitivity,2,0,0.0
gemma,folio,zero_shot_baseline,targeted_few_shot,drifting,36,8,0.2222222222222222
gemma,folio,zero_shot_baseline,targeted_few_shot,format_correct_wrong_answer,41,25,0.6097560975609756
gemma,folio,zero_shot_baseline,targeted_few_shot,off_topic,8,3,0.375
gemma,folio,zero_shot_baseline,targeted_few_shot,distractor,12,4,0.3333333333333333
gemma,folio,zero_shot_baseline,targeted_few_shot,negation,2,0,0.0
gemma,folio,zero_shot_baseline,targeted_few_shot,premise_order_sensitivity,2,1,0.5
gemma,folio,zero_shot_baseline,targeted_few_shot_answer_only,drifting,36,10,0.2777777777777778
gemma,folio,zero_shot_baseline,targeted_few_shot_answer_only,format_correct_wrong_answer,41,24,0.5853658536585366
gemma,folio,zero_shot_baseline,targeted_few_shot_answer_only,off_topic,8,2,0.25
gemma,folio,zero_shot_baseline,targeted_few_shot_answer_only,distractor,12,5,0.4166666666666667
gemma,folio,zero_shot_baseline,targeted_few_shot_answer_only,negation,2,0,0.0
gemma,folio,zero_shot_baseline,targeted_few_shot_answer_only,premise_order_sensitivity,2,1,0.5
gemma,folio,zero_shot_baseline,targeted_few_shot_k5,drifting,36,8,0.2222222222222222
gemma,folio,zero_shot_baseline,targeted_few_shot_k5,format_correct_wrong_answer,41,25,0.6097560975609756
gemma,folio,zero_shot_baseline,targeted_few_shot_k5,off_topic,8,3,0.375
gemma,folio,zero_shot_baseline,targeted_few_shot_k5,distractor,12,4,0.3333333333333333
gemma,folio,zero_shot_baseline,targeted_few_shot_k5,negation,2,0,0.0
gemma,folio,zero_shot_baseline,targeted_few_shot_k5,premise_order_sensitivity,2,0,0.0
gemma,folio,zero_shot_baseline,zero_shot,drifting,36,15,0.4166666666666667
gemma,folio,zero_shot_baseline,zero_shot,format_correct_wrong_answer,41,17,0.4146341463414634
gemma,folio,zero_shot_baseline,zero_shot,off_topic,8,5,0.625
gemma,folio,zero_shot_baseline,zero_shot,distractor,12,4,0.3333333333333333
gemma,folio,zero_shot_baseline,zero_shot,negation,2,0,0.0
gemma,folio,zero_shot_baseline,zero_shot,premise_order_sensitivity,2,0,0.0
gemma,gsm8k,zero_shot_baseline,error_targeted_icl,arithmetic_slip,20,3,0.15
gemma,gsm8k,zero_shot_baseline,error_targeted_icl,drifting,97,8,0.08247422680412371
gemma,gsm8k,zero_shot_baseline,error_targeted_icl,off_topic,16,1,0.0625
gemma,gsm8k,zero_shot_baseline,error_targeted_icl,format_correct_wrong_answer,36,4,0.1111111111111111
gemma,gsm8k,zero_shot_baseline,error_targeted_icl,distractor,13,0,0.0
gemma,gsm8k,zero_shot_baseline,error_targeted_icl,negation,7,0,0.0
gemma,gsm8k,zero_shot_baseline,error_targeted_icl_correct_only,arithmetic_slip,20,4,0.2
gemma,gsm8k,zero_shot_baseline,error_targeted_icl_correct_only,drifting,97,26,0.26804123711340205
gemma,gsm8k,zero_shot_baseline,error_targeted_icl_correct_only,off_topic,16,3,0.1875
gemma,gsm8k,zero_shot_baseline,error_targeted_icl_correct_only,format_correct_wrong_answer,36,14,0.3888888888888889
gemma,gsm8k,zero_shot_baseline,error_targeted_icl_correct_only,distractor,13,1,0.07692307692307693
gemma,gsm8k,zero_shot_baseline,error_targeted_icl_correct_only,negation,7,2,0.2857142857142857
gemma,gsm8k,zero_shot_baseline,error_targeted_icl_random,arithmetic_slip,20,1,0.05
gemma,gsm8k,zero_shot_baseline,error_targeted_icl_random,drifting,97,12,0.12371134020618557
gemma,gsm8k,zero_shot_baseline,error_targeted_icl_random,off_topic,16,0,0.0
gemma,gsm8k,zero_shot_baseline,error_targeted_icl_random,format_correct_wrong_answer,36,3,0.08333333333333333
gemma,gsm8k,zero_shot_baseline,error_targeted_icl_random,distractor,13,0,0.0
gemma,gsm8k,zero_shot_baseline,error_targeted_icl_random,negation,7,0,0.0
gemma,gsm8k,zero_shot_baseline,random_few_shot,arithmetic_slip,20,5,0.25
gemma,gsm8k,zero_shot_baseline,random_few_shot,drifting,97,30,0.30927835051546393
gemma,gsm8k,zero_shot_baseline,random_few_shot,off_topic,16,1,0.0625
gemma,gsm8k,zero_shot_baseline,random_few_shot,format_correct_wrong_answer,36,11,0.3055555555555556
gemma,gsm8k,zero_shot_baseline,random_few_shot,distractor,13,1,0.07692307692307693
gemma,gsm8k,zero_shot_baseline,random_few_shot,negation,7,3,0.42857142857142855
gemma,gsm8k,zero_shot_baseline,self_consistency,arithmetic_slip,20,2,0.1
gemma,gsm8k,zero_shot_baseline,self_consistency,drifting,97,21,0.21649484536082475
gemma,gsm8k,zero_shot_baseline,self_consistency,off_topic,16,4,0.25
gemma,gsm8k,zero_shot_baseline,self_consistency,format_correct_wrong_answer,36,12,0.3333333333333333
gemma,gsm8k,zero_shot_baseline,self_consistency,distractor,13,1,0.07692307692307693
gemma,gsm8k,zero_shot_baseline,self_consistency,negation,7,2,0.2857142857142857
gemma,gsm8k,zero_shot_baseline,targeted_few_shot,arithmetic_slip,20,3,0.15
gemma,gsm8k,zero_shot_baseline,targeted_few_shot,drifting,97,23,0.23711340206185566
gemma,gsm8k,zero_shot_baseline,targeted_few_shot,off_topic,16,1,0.0625
gemma,gsm8k,zero_shot_baseline,targeted_few_shot,format_correct_wrong_answer,36,9,0.25
gemma,gsm8k,zero_shot_baseline,targeted_few_shot,distractor,13,0,0.0
gemma,gsm8k,zero_shot_baseline,targeted_few_shot,negation,7,0,0.0
gemma,gsm8k,zero_shot_baseline,targeted_few_shot_answer_only,arithmetic_slip,20,4,0.2
gemma,gsm8k,zero_shot_baseline,targeted_few_shot_answer_only,drifting,97,20,0.20618556701030927
gemma,gsm8k,zero_shot_baseline,targeted_few_shot_answer_only,off_topic,16,4,0.25
gemma,gsm8k,zero_shot_baseline,targeted_few_shot_answer_only,format_correct_wrong_answer,36,12,0.3333333333333333
gemma,gsm8k,zero_shot_baseline,targeted_few_shot_answer_only,distractor,13,2,0.15384615384615385
gemma,gsm8k,zero_shot_baseline,targeted_few_shot_answer_only,negation,7,1,0.14285714285714285
gemma,gsm8k,zero_shot_baseline,targeted_few_shot_k5,arithmetic_slip,20,4,0.2
gemma,gsm8k,zero_shot_baseline,targeted_few_shot_k5,drifting,97,15,0.15463917525773196
gemma,gsm8k,zero_shot_baseline,targeted_few_shot_k5,off_topic,16,1,0.0625
gemma,gsm8k,zero_shot_baseline,targeted_few_shot_k5,format_correct_wrong_answer,36,8,0.2222222222222222
gemma,gsm8k,zero_shot_baseline,targeted_few_shot_k5,distractor,13,1,0.07692307692307693
gemma,gsm8k,zero_shot_baseline,targeted_few_shot_k5,negation,7,1,0.14285714285714285
gemma,gsm8k,zero_shot_baseline,zero_shot,arithmetic_slip,20,4,0.2
gemma,gsm8k,zero_shot_baseline,zero_shot,drifting,97,21,0.21649484536082475
gemma,gsm8k,zero_shot_baseline,zero_shot,off_topic,16,2,0.125
gemma,gsm8k,zero_shot_baseline,zero_shot,format_correct_wrong_answer,36,12,0.3333333333333333
gemma,gsm8k,zero_shot_baseline,zero_shot,distractor,13,0,0.0
gemma,gsm8k,zero_shot_baseline,zero_shot,negation,7,1,0.14285714285714285
gemma,gsm_ic,zero_shot_baseline,error_targeted_icl,drifting,96,4,0.041666666666666664
gemma,gsm_ic,zero_shot_baseline,error_targeted_icl,format_correct_wrong_answer,37,3,0.08108108108108109
gemma,gsm_ic,zero_shot_baseline,error_targeted_icl,arithmetic_slip,18,0,0.0
gemma,gsm_ic,zero_shot_baseline,error_targeted_icl,distractor,19,2,0.10526315789473684
gemma,gsm_ic,zero_shot_baseline,error_targeted_icl,negation,5,0,0.0
gemma,gsm_ic,zero_shot_baseline,error_targeted_icl,off_topic,12,1,0.08333333333333333
gemma,gsm_ic,zero_shot_baseline,error_targeted_icl_correct_only,drifting,96,19,0.19791666666666666
gemma,gsm_ic,zero_shot_baseline,error_targeted_icl_correct_only,format_correct_wrong_answer,37,18,0.4864864864864865
gemma,gsm_ic,zero_shot_baseline,error_targeted_icl_correct_only,arithmetic_slip,18,4,0.2222222222222222
gemma,gsm_ic,zero_shot_baseline,error_targeted_icl_correct_only,distractor,19,5,0.2631578947368421
gemma,gsm_ic,zero_shot_baseline,error_targeted_icl_correct_only,negation,5,2,0.4
gemma,gsm_ic,zero_shot_baseline,error_targeted_icl_correct_only,off_topic,12,4,0.3333333333333333
gemma,gsm_ic,zero_shot_baseline,error_targeted_icl_random,drifting,96,5,0.052083333333333336
gemma,gsm_ic,zero_shot_baseline,error_targeted_icl_random,format_correct_wrong_answer,37,6,0.16216216216216217
gemma,gsm_ic,zero_shot_baseline,error_targeted_icl_random,arithmetic_slip,18,0,0.0
gemma,gsm_ic,zero_shot_baseline,error_targeted_icl_random,distractor,19,1,0.05263157894736842
gemma,gsm_ic,zero_shot_baseline,error_targeted_icl_random,negation,5,0,0.0
gemma,gsm_ic,zero_shot_baseline,error_targeted_icl_random,off_topic,12,1,0.08333333333333333
gemma,gsm_ic,zero_shot_baseline,random_few_shot,drifting,96,18,0.1875
gemma,gsm_ic,zero_shot_baseline,random_few_shot,format_correct_wrong_answer,37,18,0.4864864864864865
gemma,gsm_ic,zero_shot_baseline,random_few_shot,arithmetic_slip,18,4,0.2222222222222222
gemma,gsm_ic,zero_shot_baseline,random_few_shot,distractor,19,5,0.2631578947368421
gemma,gsm_ic,zero_shot_baseline,random_few_shot,negation,5,2,0.4
gemma,gsm_ic,zero_shot_baseline,random_few_shot,off_topic,12,1,0.08333333333333333
gemma,gsm_ic,zero_shot_baseline,self_consistency,drifting,96,13,0.13541666666666666
gemma,gsm_ic,zero_shot_baseline,self_consistency,format_correct_wrong_answer,37,15,0.40540540540540543
gemma,gsm_ic,zero_shot_baseline,self_consistency,arithmetic_slip,18,4,0.2222222222222222
gemma,gsm_ic,zero_shot_baseline,self_consistency,distractor,19,5,0.2631578947368421
gemma,gsm_ic,zero_shot_baseline,self_consistency,negation,5,0,0.0
gemma,gsm_ic,zero_shot_baseline,self_consistency,off_topic,12,2,0.16666666666666666
gemma,gsm_ic,zero_shot_baseline,targeted_few_shot,drifting,96,12,0.125
gemma,gsm_ic,zero_shot_baseline,targeted_few_shot,format_correct_wrong_answer,37,12,0.32432432432432434
gemma,gsm_ic,zero_shot_baseline,targeted_few_shot,arithmetic_slip,18,2,0.1111111111111111
gemma,gsm_ic,zero_shot_baseline,targeted_few_shot,distractor,19,2,0.10526315789473684
gemma,gsm_ic,zero_shot_baseline,targeted_few_shot,negation,5,0,0.0
gemma,gsm_ic,zero_shot_baseline,targeted_few_shot,off_topic,12,0,0.0
gemma,gsm_ic,zero_shot_baseline,targeted_few_shot_answer_only,drifting,96,19,0.19791666666666666
gemma,gsm_ic,zero_shot_baseline,targeted_few_shot_answer_only,format_correct_wrong_answer,37,12,0.32432432432432434
gemma,gsm_ic,zero_shot_baseline,targeted_few_shot_answer_only,arithmetic_slip,18,3,0.16666666666666666
gemma,gsm_ic,zero_shot_baseline,targeted_few_shot_answer_only,distractor,19,3,0.15789473684210525
gemma,gsm_ic,zero_shot_baseline,targeted_few_shot_answer_only,negation,5,0,0.0
gemma,gsm_ic,zero_shot_baseline,targeted_few_shot_answer_only,off_topic,12,1,0.08333333333333333
gemma,gsm_ic,zero_shot_baseline,targeted_few_shot_k5,drifting,96,13,0.13541666666666666
gemma,gsm_ic,zero_shot_baseline,targeted_few_shot_k5,format_correct_wrong_answer,37,12,0.32432432432432434
gemma,gsm_ic,zero_shot_baseline,targeted_few_shot_k5,arithmetic_slip,18,3,0.16666666666666666
gemma,gsm_ic,zero_shot_baseline,targeted_few_shot_k5,distractor,19,2,0.10526315789473684
gemma,gsm_ic,zero_shot_baseline,targeted_few_shot_k5,negation,5,0,0.0
gemma,gsm_ic,zero_shot_baseline,targeted_few_shot_k5,off_topic,12,0,0.0
gemma,gsm_ic,zero_shot_baseline,zero_shot,drifting,96,9,0.09375
gemma,gsm_ic,zero_shot_baseline,zero_shot,format_correct_wrong_answer,37,14,0.3783783783783784
gemma,gsm_ic,zero_shot_baseline,zero_shot,arithmetic_slip,18,3,0.16666666666666666
gemma,gsm_ic,zero_shot_baseline,zero_shot,distractor,19,4,0.21052631578947367
gemma,gsm_ic,zero_shot_baseline,zero_shot,negation,5,0,0.0
gemma,gsm_ic,zero_shot_baseline,zero_shot,off_topic,12,2,0.16666666666666666
gemma,gsm_plus,zero_shot_baseline,error_targeted_icl,distractor,14,0,0.0
gemma,gsm_plus,zero_shot_baseline,error_targeted_icl,drifting,88,0,0.0
gemma,gsm_plus,zero_shot_baseline,error_targeted_icl,arithmetic_slip,15,0,0.0
gemma,gsm_plus,zero_shot_baseline,error_targeted_icl,off_topic,1,0,0.0
gemma,gsm_plus,zero_shot_baseline,error_targeted_icl,negation,16,1,0.0625
gemma,gsm_plus,zero_shot_baseline,error_targeted_icl,format_correct_wrong_answer,29,3,0.10344827586206896
gemma,gsm_plus,zero_shot_baseline,error_targeted_icl,hallucination,3,1,0.3333333333333333
gemma,gsm_plus,zero_shot_baseline,error_targeted_icl_correct_only,distractor,14,1,0.07142857142857142
gemma,gsm_plus,zero_shot_baseline,error_targeted_icl_correct_only,drifting,88,6,0.06818181818181818
gemma,gsm_plus,zero_shot_baseline,error_targeted_icl_correct_only,arithmetic_slip,15,1,0.06666666666666667
gemma,gsm_plus,zero_shot_baseline,error_targeted_icl_correct_only,off_topic,1,0,0.0
gemma,gsm_plus,zero_shot_baseline,error_targeted_icl_correct_only,negation,16,1,0.0625
gemma,gsm_plus,zero_shot_baseline,error_targeted_icl_correct_only,format_correct_wrong_answer,29,5,0.1724137931034483
gemma,gsm_plus,zero_shot_baseline,error_targeted_icl_correct_only,hallucination,3,0,0.0
gemma,gsm_plus,zero_shot_baseline,error_targeted_icl_random,distractor,14,0,0.0
gemma,gsm_plus,zero_shot_baseline,error_targeted_icl_random,drifting,88,3,0.03409090909090909
gemma,gsm_plus,zero_shot_baseline,error_targeted_icl_random,arithmetic_slip,15,1,0.06666666666666667
gemma,gsm_plus,zero_shot_baseline,error_targeted_icl_random,off_topic,1,0,0.0
gemma,gsm_plus,zero_shot_baseline,error_targeted_icl_random,negation,16,1,0.0625
gemma,gsm_plus,zero_shot_baseline,error_targeted_icl_random,format_correct_wrong_answer,29,3,0.10344827586206896
gemma,gsm_plus,zero_shot_baseline,error_targeted_icl_random,hallucination,3,0,0.0
gemma,gsm_plus,zero_shot_baseline,random_few_shot,distractor,14,1,0.07142857142857142
gemma,gsm_plus,zero_shot_baseline,random_few_shot,drifting,88,10,0.11363636363636363
gemma,gsm_plus,zero_shot_baseline,random_few_shot,arithmetic_slip,15,0,0.0
gemma,gsm_plus,zero_shot_baseline,random_few_shot,off_topic,1,0,0.0
gemma,gsm_plus,zero_shot_baseline,random_few_shot,negation,16,0,0.0
gemma,gsm_plus,zero_shot_baseline,random_few_shot,format_correct_wrong_answer,29,3,0.10344827586206896
gemma,gsm_plus,zero_shot_baseline,random_few_shot,hallucination,3,0,0.0
gemma,gsm_plus,zero_shot_baseline,self_consistency,distractor,14,3,0.21428571428571427
gemma,gsm_plus,zero_shot_baseline,self_consistency,drifting,88,9,0.10227272727272728
gemma,gsm_plus,zero_shot_baseline,self_consistency,arithmetic_slip,15,0,0.0
gemma,gsm_plus,zero_shot_baseline,self_consistency,off_topic,1,0,0.0
gemma,gsm_plus,zero_shot_baseline,self_consistency,negation,16,0,0.0
gemma,gsm_plus,zero_shot_baseline,self_consistency,format_correct_wrong_answer,29,6,0.20689655172413793
gemma,gsm_plus,zero_shot_baseline,self_consistency,hallucination,3,0,0.0
gemma,gsm_plus,zero_shot_baseline,targeted_few_shot,distractor,14,1,0.07142857142857142
gemma,gsm_plus,zero_shot_baseline,targeted_few_shot,drifting,88,3,0.03409090909090909
gemma,gsm_plus,zero_shot_baseline,targeted_few_shot,arithmetic_slip,15,0,0.0
gemma,gsm_plus,zero_shot_baseline,targeted_few_shot,off_topic,1,0,0.0
gemma,gsm_plus,zero_shot_baseline,targeted_few_shot,negation,16,0,0.0
gemma,gsm_plus,zero_shot_baseline,targeted_few_shot,format_correct_wrong_answer,29,3,0.10344827586206896
gemma,gsm_plus,zero_shot_baseline,targeted_few_shot,hallucination,3,0,0.0
gemma,gsm_plus,zero_shot_baseline,targeted_few_shot_answer_only,distractor,14,0,0.0
gemma,gsm_plus,zero_shot_baseline,targeted_few_shot_answer_only,drifting,88,7,0.07954545454545454
gemma,gsm_plus,zero_shot_baseline,targeted_few_shot_answer_only,arithmetic_slip,15,0,0.0
gemma,gsm_plus,zero_shot_baseline,targeted_few_shot_answer_only,off_topic,1,0,0.0
gemma,gsm_plus,zero_shot_baseline,targeted_few_shot_answer_only,negation,16,1,0.0625
gemma,gsm_plus,zero_shot_baseline,targeted_few_shot_answer_only,format_correct_wrong_answer,29,7,0.2413793103448276
gemma,gsm_plus,zero_shot_baseline,targeted_few_shot_answer_only,hallucination,3,0,0.0
gemma,gsm_plus,zero_shot_baseline,targeted_few_shot_k5,distractor,14,1,0.07142857142857142
gemma,gsm_plus,zero_shot_baseline,targeted_few_shot_k5,drifting,88,5,0.056818181818181816
gemma,gsm_plus,zero_shot_baseline,targeted_few_shot_k5,arithmetic_slip,15,1,0.06666666666666667
gemma,gsm_plus,zero_shot_baseline,targeted_few_shot_k5,off_topic,1,0,0.0
gemma,gsm_plus,zero_shot_baseline,targeted_few_shot_k5,negation,16,1,0.0625
gemma,gsm_plus,zero_shot_baseline,targeted_few_shot_k5,format_correct_wrong_answer,29,2,0.06896551724137931
gemma,gsm_plus,zero_shot_baseline,targeted_few_shot_k5,hallucination,3,0,0.0
gemma,gsm_plus,zero_shot_baseline,zero_shot,distractor,14,2,0.14285714285714285
gemma,gsm_plus,zero_shot_baseline,zero_shot,drifting,88,5,0.056818181818181816
gemma,gsm_plus,zero_shot_baseline,zero_shot,arithmetic_slip,15,0,0.0
gemma,gsm_plus,zero_shot_baseline,zero_shot,off_topic,1,0,0.0
gemma,gsm_plus,zero_shot_baseline,zero_shot,negation,16,1,0.0625
gemma,gsm_plus,zero_shot_baseline,zero_shot,format_correct_wrong_answer,29,6,0.20689655172413793
gemma,gsm_plus,zero_shot_baseline,zero_shot,hallucination,3,0,0.0
gemma,gsm_symbolic,zero_shot_baseline,error_targeted_icl,drifting,30,0,0.0
gemma,gsm_symbolic,zero_shot_baseline,error_targeted_icl,distractor,4,0,0.0
gemma,gsm_symbolic,zero_shot_baseline,error_targeted_icl,arithmetic_slip,89,2,0.02247191011235955
gemma,gsm_symbolic,zero_shot_baseline,error_targeted_icl,format_correct_wrong_answer,23,1,0.043478260869565216
gemma,gsm_symbolic,zero_shot_baseline,error_targeted_icl,hallucination,1,0,0.0
gemma,gsm_symbolic,zero_shot_baseline,error_targeted_icl_correct_only,drifting,30,4,0.13333333333333333
gemma,gsm_symbolic,zero_shot_baseline,error_targeted_icl_correct_only,distractor,4,0,0.0
gemma,gsm_symbolic,zero_shot_baseline,error_targeted_icl_correct_only,arithmetic_slip,89,4,0.0449438202247191
gemma,gsm_symbolic,zero_shot_baseline,error_targeted_icl_correct_only,format_correct_wrong_answer,23,1,0.043478260869565216
gemma,gsm_symbolic,zero_shot_baseline,error_targeted_icl_correct_only,hallucination,1,1,1.0
gemma,gsm_symbolic,zero_shot_baseline,error_targeted_icl_random,drifting,30,2,0.06666666666666667
gemma,gsm_symbolic,zero_shot_baseline,error_targeted_icl_random,distractor,4,1,0.25
gemma,gsm_symbolic,zero_shot_baseline,error_targeted_icl_random,arithmetic_slip,89,2,0.02247191011235955
gemma,gsm_symbolic,zero_shot_baseline,error_targeted_icl_random,format_correct_wrong_answer,23,3,0.13043478260869565
gemma,gsm_symbolic,zero_shot_baseline,error_targeted_icl_random,hallucination,1,0,0.0
gemma,gsm_symbolic,zero_shot_baseline,random_few_shot,drifting,30,0,0.0
gemma,gsm_symbolic,zero_shot_baseline,random_few_shot,distractor,4,1,0.25
gemma,gsm_symbolic,zero_shot_baseline,random_few_shot,arithmetic_slip,89,1,0.011235955056179775
gemma,gsm_symbolic,zero_shot_baseline,random_few_shot,format_correct_wrong_answer,23,2,0.08695652173913043
gemma,gsm_symbolic,zero_shot_baseline,random_few_shot,hallucination,1,0,0.0
gemma,gsm_symbolic,zero_shot_baseline,self_consistency,drifting,30,7,0.23333333333333334
gemma,gsm_symbolic,zero_shot_baseline,self_consistency,distractor,4,4,1.0
gemma,gsm_symbolic,zero_shot_baseline,self_consistency,arithmetic_slip,89,8,0.0898876404494382
gemma,gsm_symbolic,zero_shot_baseline,self_consistency,format_correct_wrong_answer,23,3,0.13043478260869565
gemma,gsm_symbolic,zero_shot_baseline,self_consistency,hallucination,1,0,0.0
gemma,gsm_symbolic,zero_shot_baseline,targeted_few_shot,drifting,30,2,0.06666666666666667
gemma,gsm_symbolic,zero_shot_baseline,targeted_few_shot,distractor,4,1,0.25
gemma,gsm_symbolic,zero_shot_baseline,targeted_few_shot,arithmetic_slip,89,5,0.056179775280898875
gemma,gsm_symbolic,zero_shot_baseline,targeted_few_shot,format_correct_wrong_answer,23,4,0.17391304347826086
gemma,gsm_symbolic,zero_shot_baseline,targeted_few_shot,hallucination,1,0,0.0
gemma,gsm_symbolic,zero_shot_baseline,targeted_few_shot_answer_only,drifting,30,6,0.2
gemma,gsm_symbolic,zero_shot_baseline,targeted_few_shot_answer_only,distractor,4,3,0.75
gemma,gsm_symbolic,zero_shot_baseline,targeted_few_shot_answer_only,arithmetic_slip,89,7,0.07865168539325842
gemma,gsm_symbolic,zero_shot_baseline,targeted_few_shot_answer_only,format_correct_wrong_answer,23,1,0.043478260869565216
gemma,gsm_symbolic,zero_shot_baseline,targeted_few_shot_answer_only,hallucination,1,0,0.0
gemma,gsm_symbolic,zero_shot_baseline,targeted_few_shot_k5,drifting,30,1,0.03333333333333333
gemma,gsm_symbolic,zero_shot_baseline,targeted_few_shot_k5,distractor,4,3,0.75
gemma,gsm_symbolic,zero_shot_baseline,targeted_few_shot_k5,arithmetic_slip,89,4,0.0449438202247191
gemma,gsm_symbolic,zero_shot_baseline,targeted_few_shot_k5,format_correct_wrong_answer,23,3,0.13043478260869565
gemma,gsm_symbolic,zero_shot_baseline,targeted_few_shot_k5,hallucination,1,0,0.0
gemma,gsm_symbolic,zero_shot_baseline,zero_shot,drifting,30,4,0.13333333333333333
gemma,gsm_symbolic,zero_shot_baseline,zero_shot,distractor,4,4,1.0
gemma,gsm_symbolic,zero_shot_baseline,zero_shot,arithmetic_slip,89,11,0.12359550561797752
gemma,gsm_symbolic,zero_shot_baseline,zero_shot,format_correct_wrong_answer,23,3,0.13043478260869565
gemma,gsm_symbolic,zero_shot_baseline,zero_shot,hallucination,1,0,0.0
qwen,bigbench_hard,zero_shot_baseline,error_targeted_icl,drifting,32,15,0.46875
qwen,bigbench_hard,zero_shot_baseline,error_targeted_icl,format_correct_wrong_answer,40,12,0.3
qwen,bigbench_hard,zero_shot_baseline,error_targeted_icl,hallucination,11,4,0.36363636363636365
qwen,bigbench_hard,zero_shot_baseline,error_targeted_icl,off_topic,3,0,0.0
qwen,bigbench_hard,zero_shot_baseline,error_targeted_icl_correct_only,drifting,32,11,0.34375
qwen,bigbench_hard,zero_shot_baseline,error_targeted_icl_correct_only,format_correct_wrong_answer,40,13,0.325
qwen,bigbench_hard,zero_shot_baseline,error_targeted_icl_correct_only,hallucination,11,4,0.36363636363636365
qwen,bigbench_hard,zero_shot_baseline,error_targeted_icl_correct_only,off_topic,3,0,0.0
qwen,bigbench_hard,zero_shot_baseline,error_targeted_icl_random,drifting,32,14,0.4375
qwen,bigbench_hard,zero_shot_baseline,error_targeted_icl_random,format_correct_wrong_answer,40,8,0.2
qwen,bigbench_hard,zero_shot_baseline,error_targeted_icl_random,hallucination,11,4,0.36363636363636365
qwen,bigbench_hard,zero_shot_baseline,error_targeted_icl_random,off_topic,3,0,0.0
qwen,bigbench_hard,zero_shot_baseline,random_few_shot,drifting,32,15,0.46875
qwen,bigbench_hard,zero_shot_baseline,random_few_shot,format_correct_wrong_answer,40,14,0.35
qwen,bigbench_hard,zero_shot_baseline,random_few_shot,hallucination,11,4,0.36363636363636365
qwen,bigbench_hard,zero_shot_baseline,random_few_shot,off_topic,3,2,0.6666666666666666
qwen,bigbench_hard,zero_shot_baseline,self_consistency,drifting,32,17,0.53125
qwen,bigbench_hard,zero_shot_baseline,self_consistency,format_correct_wrong_answer,40,18,0.45
qwen,bigbench_hard,zero_shot_baseline,self_consistency,hallucination,11,6,0.5454545454545454
qwen,bigbench_hard,zero_shot_baseline,self_consistency,off_topic,3,1,0.3333333333333333
qwen,bigbench_hard,zero_shot_baseline,targeted_few_shot,drifting,32,16,0.5
qwen,bigbench_hard,zero_shot_baseline,targeted_few_shot,format_correct_wrong_answer,40,25,0.625
qwen,bigbench_hard,zero_shot_baseline,targeted_few_shot,hallucination,11,3,0.2727272727272727
qwen,bigbench_hard,zero_shot_baseline,targeted_few_shot,off_topic,3,1,0.3333333333333333
qwen,bigbench_hard,zero_shot_baseline,targeted_few_shot_answer_only,drifting,32,15,0.46875
qwen,bigbench_hard,zero_shot_baseline,targeted_few_shot_answer_only,format_correct_wrong_answer,40,16,0.4
qwen,bigbench_hard,zero_shot_baseline,targeted_few_shot_answer_only,hallucination,11,2,0.18181818181818182
qwen,bigbench_hard,zero_shot_baseline,targeted_few_shot_answer_only,off_topic,3,0,0.0
qwen,bigbench_hard,zero_shot_baseline,targeted_few_shot_k5,drifting,32,20,0.625
qwen,bigbench_hard,zero_shot_baseline,targeted_few_shot_k5,format_correct_wrong_answer,40,27,0.675
qwen,bigbench_hard,zero_shot_baseline,targeted_few_shot_k5,hallucination,11,7,0.6363636363636364
qwen,bigbench_hard,zero_shot_baseline,targeted_few_shot_k5,off_topic,3,1,0.3333333333333333
qwen,bigbench_hard,zero_shot_baseline,zero_shot,drifting,32,10,0.3125
qwen,bigbench_hard,zero_shot_baseline,zero_shot,format_correct_wrong_answer,40,13,0.325
qwen,bigbench_hard,zero_shot_baseline,zero_shot,hallucination,11,5,0.45454545454545453
qwen,bigbench_hard,zero_shot_baseline,zero_shot,off_topic,3,1,0.3333333333333333
qwen,bigbench_hard_tracking,zero_shot_baseline,error_targeted_icl,drifting,33,22,0.6666666666666666
qwen,bigbench_hard_tracking,zero_shot_baseline,error_targeted_icl,format_correct_wrong_answer,6,3,0.5
qwen,bigbench_hard_tracking,zero_shot_baseline,error_targeted_icl_correct_only,drifting,33,23,0.696969696969697
qwen,bigbench_hard_tracking,zero_shot_baseline,error_targeted_icl_correct_only,format_correct_wrong_answer,6,4,0.6666666666666666
qwen,bigbench_hard_tracking,zero_shot_baseline,error_targeted_icl_random,drifting,33,17,0.5151515151515151
qwen,bigbench_hard_tracking,zero_shot_baseline,error_targeted_icl_random,format_correct_wrong_answer,6,2,0.3333333333333333
qwen,bigbench_hard_tracking,zero_shot_baseline,random_few_shot,drifting,33,19,0.5757575757575758
qwen,bigbench_hard_tracking,zero_shot_baseline,random_few_shot,format_correct_wrong_answer,6,6,1.0
qwen,bigbench_hard_tracking,zero_shot_baseline,self_consistency,drifting,33,20,0.6060606060606061
qwen,bigbench_hard_tracking,zero_shot_baseline,self_consistency,format_correct_wrong_answer,6,0,0.0
qwen,bigbench_hard_tracking,zero_shot_baseline,targeted_few_shot,drifting,33,17,0.5151515151515151
qwen,bigbench_hard_tracking,zero_shot_baseline,targeted_few_shot,format_correct_wrong_answer,6,2,0.3333333333333333
qwen,bigbench_hard_tracking,zero_shot_baseline,targeted_few_shot_answer_only,drifting,33,19,0.5757575757575758
qwen,bigbench_hard_tracking,zero_shot_baseline,targeted_few_shot_answer_only,format_correct_wrong_answer,6,4,0.6666666666666666
qwen,bigbench_hard_tracking,zero_shot_baseline,targeted_few_shot_k5,drifting,33,17,0.5151515151515151
qwen,bigbench_hard_tracking,zero_shot_baseline,targeted_few_shot_k5,format_correct_wrong_answer,6,4,0.6666666666666666
qwen,bigbench_hard_tracking,zero_shot_baseline,zero_shot,drifting,33,16,0.48484848484848486
qwen,bigbench_hard_tracking,zero_shot_baseline,zero_shot,format_correct_wrong_answer,6,3,0.5
qwen,folio,zero_shot_baseline,error_targeted_icl,hallucination,8,5,0.625
qwen,folio,zero_shot_baseline,error_targeted_icl,off_topic,5,3,0.6
qwen,folio,zero_shot_baseline,error_targeted_icl,negation,6,3,0.5
qwen,folio,zero_shot_baseline,error_targeted_icl,format_correct_wrong_answer,19,7,0.3684210526315789
qwen,folio,zero_shot_baseline,error_targeted_icl,distractor,3,1,0.3333333333333333
qwen,folio,zero_shot_baseline,error_targeted_icl,drifting,9,2,0.2222222222222222
qwen,folio,zero_shot_baseline,error_targeted_icl_correct_only,hallucination,8,6,0.75
qwen,folio,zero_shot_baseline,error_targeted_icl_correct_only,off_topic,5,2,0.4
qwen,folio,zero_shot_baseline,error_targeted_icl_correct_only,negation,6,2,0.3333333333333333
qwen,folio,zero_shot_baseline,error_targeted_icl_correct_only,format_correct_wrong_answer,19,7,0.3684210526315789
qwen,folio,zero_shot_baseline,error_targeted_icl_correct_only,distractor,3,2,0.6666666666666666
qwen,folio,zero_shot_baseline,error_targeted_icl_correct_only,drifting,9,3,0.3333333333333333
qwen,folio,zero_shot_baseline,error_targeted_icl_random,hallucination,8,2,0.25
qwen,folio,zero_shot_baseline,error_targeted_icl_random,off_topic,5,1,0.2
qwen,folio,zero_shot_baseline,error_targeted_icl_random,negation,6,3,0.5
qwen,folio,zero_shot_baseline,error_targeted_icl_random,format_correct_wrong_answer,19,10,0.5263157894736842
qwen,folio,zero_shot_baseline,error_targeted_icl_random,distractor,3,2,0.6666666666666666
qwen,folio,zero_shot_baseline,error_targeted_icl_random,drifting,9,3,0.3333333333333333
qwen,folio,zero_shot_baseline,random_few_shot,hallucination,8,4,0.5
qwen,folio,zero_shot_baseline,random_few_shot,off_topic,5,1,0.2
qwen,folio,zero_shot_baseline,random_few_shot,negation,6,2,0.3333333333333333
qwen,folio,zero_shot_baseline,random_few_shot,format_correct_wrong_answer,19,10,0.5263157894736842
qwen,folio,zero_shot_baseline,random_few_shot,distractor,3,2,0.6666666666666666
qwen,folio,zero_shot_baseline,random_few_shot,drifting,9,5,0.5555555555555556
qwen,folio,zero_shot_baseline,self_consistency,hallucination,8,3,0.375
qwen,folio,zero_shot_baseline,self_consistency,off_topic,5,1,0.2
qwen,folio,zero_shot_baseline,self_consistency,negation,6,0,0.0
qwen,folio,zero_shot_baseline,self_consistency,format_correct_wrong_answer,19,8,0.42105263157894735
qwen,folio,zero_shot_baseline,self_consistency,distractor,3,1,0.3333333333333333
qwen,folio,zero_shot_baseline,self_consistency,drifting,9,2,0.2222222222222222
qwen,folio,zero_shot_baseline,targeted_few_shot,hallucination,8,5,0.625
qwen,folio,zero_shot_baseline,targeted_few_shot,off_topic,5,3,0.6
qwen,folio,zero_shot_baseline,targeted_few_shot,negation,6,1,0.16666666666666666
qwen,folio,zero_shot_baseline,targeted_few_shot,format_correct_wrong_answer,19,9,0.47368421052631576
qwen,folio,zero_shot_baseline,targeted_few_shot,distractor,3,1,0.3333333333333333
qwen,folio,zero_shot_baseline,targeted_few_shot,drifting,9,2,0.2222222222222222
qwen,folio,zero_shot_baseline,targeted_few_shot_answer_only,hallucination,8,3,0.375
qwen,folio,zero_shot_baseline,targeted_few_shot_answer_only,off_topic,5,1,0.2
qwen,folio,zero_shot_baseline,targeted_few_shot_answer_only,negation,6,1,0.16666666666666666
qwen,folio,zero_shot_baseline,targeted_few_shot_answer_only,format_correct_wrong_answer,19,11,0.5789473684210527
qwen,folio,zero_shot_baseline,targeted_few_shot_answer_only,distractor,3,0,0.0
qwen,folio,zero_shot_baseline,targeted_few_shot_answer_only,drifting,9,3,0.3333333333333333
qwen,folio,zero_shot_baseline,targeted_few_shot_k5,hallucination,8,4,0.5
qwen,folio,zero_shot_baseline,targeted_few_shot_k5,off_topic,5,4,0.8
qwen,folio,zero_shot_baseline,targeted_few_shot_k5,negation,6,1,0.16666666666666666
qwen,folio,zero_shot_baseline,targeted_few_shot_k5,format_correct_wrong_answer,19,11,0.5789473684210527
qwen,folio,zero_shot_baseline,targeted_few_shot_k5,distractor,3,0,0.0
qwen,folio,zero_shot_baseline,targeted_few_shot_k5,drifting,9,3,0.3333333333333333
qwen,folio,zero_shot_baseline,zero_shot,hallucination,8,5,0.625
qwen,folio,zero_shot_baseline,zero_shot,off_topic,5,1,0.2
qwen,folio,zero_shot_baseline,zero_shot,negation,6,3,0.5
qwen,folio,zero_shot_baseline,zero_shot,format_correct_wrong_answer,19,10,0.5263157894736842
qwen,folio,zero_shot_baseline,zero_shot,distractor,3,1,0.3333333333333333
qwen,folio,zero_shot_baseline,zero_shot,drifting,9,2,0.2222222222222222
qwen,gsm8k,zero_shot_baseline,error_targeted_icl,drifting,24,21,0.875
qwen,gsm8k,zero_shot_baseline,error_targeted_icl,multi_hop,25,23,0.92
qwen,gsm8k,zero_shot_baseline,error_targeted_icl,format_correct_wrong_answer,36,34,0.9444444444444444
qwen,gsm8k,zero_shot_baseline,error_targeted_icl,negation,7,6,0.8571428571428571
qwen,gsm8k,zero_shot_baseline,error_targeted_icl,confidently_wrong,33,28,0.8484848484848485
qwen,gsm8k,zero_shot_baseline,error_targeted_icl,hallucination,1,1,1.0
qwen,gsm8k,zero_shot_baseline,error_targeted_icl,arithmetic_slip,1,1,1.0
qwen,gsm8k,zero_shot_baseline,error_targeted_icl,distractor,1,1,1.0
qwen,gsm8k,zero_shot_baseline,error_targeted_icl_correct_only,drifting,24,22,0.9166666666666666
qwen,gsm8k,zero_shot_baseline,error_targeted_icl_correct_only,multi_hop,25,23,0.92
qwen,gsm8k,zero_shot_baseline,error_targeted_icl_correct_only,format_correct_wrong_answer,36,34,0.9444444444444444
qwen,gsm8k,zero_shot_baseline,error_targeted_icl_correct_only,negation,7,7,1.0
qwen,gsm8k,zero_shot_baseline,error_targeted_icl_correct_only,confidently_wrong,33,31,0.9393939393939394
qwen,gsm8k,zero_shot_baseline,error_targeted_icl_correct_only,hallucination,1,1,1.0
qwen,gsm8k,zero_shot_baseline,error_targeted_icl_correct_only,arithmetic_slip,1,0,0.0
qwen,gsm8k,zero_shot_baseline,error_targeted_icl_correct_only,distractor,1,1,1.0
qwen,gsm8k,zero_shot_baseline,error_targeted_icl_random,drifting,24,20,0.8333333333333334
qwen,gsm8k,zero_shot_baseline,error_targeted_icl_random,multi_hop,25,22,0.88
qwen,gsm8k,zero_shot_baseline,error_targeted_icl_random,format_correct_wrong_answer,36,33,0.9166666666666666
qwen,gsm8k,zero_shot_baseline,error_targeted_icl_random,negation,7,7,1.0
qwen,gsm8k,zero_shot_baseline,error_targeted_icl_random,confidently_wrong,33,31,0.9393939393939394
qwen,gsm8k,zero_shot_baseline,error_targeted_icl_random,hallucination,1,1,1.0
qwen,gsm8k,zero_shot_baseline,error_targeted_icl_random,arithmetic_slip,1,1,1.0
qwen,gsm8k,zero_shot_baseline,error_targeted_icl_random,distractor,1,1,1.0
qwen,gsm8k,zero_shot_baseline,random_few_shot,drifting,24,21,0.875
qwen,gsm8k,zero_shot_baseline,random_few_shot,multi_hop,25,24,0.96
qwen,gsm8k,zero_shot_baseline,random_few_shot,format_correct_wrong_answer,36,34,0.9444444444444444
qwen,gsm8k,zero_shot_baseline,random_few_shot,negation,7,6,0.8571428571428571
qwen,gsm8k,zero_shot_baseline,random_few_shot,confidently_wrong,33,31,0.9393939393939394
qwen,gsm8k,zero_shot_baseline,random_few_shot,hallucination,1,1,1.0
qwen,gsm8k,zero_shot_baseline,random_few_shot,arithmetic_slip,1,1,1.0
qwen,gsm8k,zero_shot_baseline,random_few_shot,distractor,1,1,1.0
qwen,gsm8k,zero_shot_baseline,self_consistency,drifting,24,16,0.6666666666666666
qwen,gsm8k,zero_shot_baseline,self_consistency,multi_hop,25,13,0.52
qwen,gsm8k,zero_shot_baseline,self_consistency,format_correct_wrong_answer,36,18,0.5
qwen,gsm8k,zero_shot_baseline,self_consistency,negation,7,6,0.8571428571428571
qwen,gsm8k,zero_shot_baseline,self_consistency,confidently_wrong,33,20,0.6060606060606061
qwen,gsm8k,zero_shot_baseline,self_consistency,hallucination,1,1,1.0
qwen,gsm8k,zero_shot_baseline,self_consistency,arithmetic_slip,1,0,0.0
qwen,gsm8k,zero_shot_baseline,self_consistency,distractor,1,1,1.0
qwen,gsm8k,zero_shot_baseline,targeted_few_shot,drifting,24,14,0.5833333333333334
qwen,gsm8k,zero_shot_baseline,targeted_few_shot,multi_hop,25,13,0.52
qwen,gsm8k,zero_shot_baseline,targeted_few_shot,format_correct_wrong_answer,36,25,0.6944444444444444
qwen,gsm8k,zero_shot_baseline,targeted_few_shot,negation,7,7,1.0
qwen,gsm8k,zero_shot_baseline,targeted_few_shot,confidently_wrong,33,28,0.8484848484848485
qwen,gsm8k,zero_shot_baseline,targeted_few_shot,hallucination,1,1,1.0
qwen,gsm8k,zero_shot_baseline,targeted_few_shot,arithmetic_slip,1,0,0.0
qwen,gsm8k,zero_shot_baseline,targeted_few_shot,distractor,1,1,1.0
qwen,gsm8k,zero_shot_baseline,targeted_few_shot_answer_only,drifting,24,19,0.7916666666666666
qwen,gsm8k,zero_shot_baseline,targeted_few_shot_answer_only,multi_hop,25,19,0.76
qwen,gsm8k,zero_shot_baseline,targeted_few_shot_answer_only,format_correct_wrong_answer,36,33,0.9166666666666666
qwen,gsm8k,zero_shot_baseline,targeted_few_shot_answer_only,negation,7,6,0.8571428571428571
qwen,gsm8k,zero_shot_baseline,targeted_few_shot_answer_only,confidently_wrong,33,25,0.7575757575757576
qwen,gsm8k,zero_shot_baseline,targeted_few_shot_answer_only,hallucination,1,1,1.0
qwen,gsm8k,zero_shot_baseline,targeted_few_shot_answer_only,arithmetic_slip,1,1,1.0
qwen,gsm8k,zero_shot_baseline,targeted_few_shot_answer_only,distractor,1,1,1.0
qwen,gsm8k,zero_shot_baseline,targeted_few_shot_k5,drifting,24,14,0.5833333333333334
qwen,gsm8k,zero_shot_baseline,targeted_few_shot_k5,multi_hop,25,14,0.56
qwen,gsm8k,zero_shot_baseline,targeted_few_shot_k5,format_correct_wrong_answer,36,29,0.8055555555555556
qwen,gsm8k,zero_shot_baseline,targeted_few_shot_k5,negation,7,5,0.7142857142857143
qwen,gsm8k,zero_shot_baseline,targeted_few_shot_k5,confidently_wrong,33,28,0.8484848484848485
qwen,gsm8k,zero_shot_baseline,targeted_few_shot_k5,hallucination,1,1,1.0
qwen,gsm8k,zero_shot_baseline,targeted_few_shot_k5,arithmetic_slip,1,0,0.0
qwen,gsm8k,zero_shot_baseline,targeted_few_shot_k5,distractor,1,1,1.0
qwen,gsm8k,zero_shot_baseline,zero_shot,drifting,24,12,0.5
qwen,gsm8k,zero_shot_baseline,zero_shot,multi_hop,25,10,0.4
qwen,gsm8k,zero_shot_baseline,zero_shot,format_correct_wrong_answer,36,20,0.5555555555555556
qwen,gsm8k,zero_shot_baseline,zero_shot,negation,7,5,0.7142857142857143
qwen,gsm8k,zero_shot_baseline,zero_shot,confidently_wrong,33,18,0.5454545454545454
qwen,gsm8k,zero_shot_baseline,zero_shot,hallucination,1,1,1.0
qwen,gsm8k,zero_shot_baseline,zero_shot,arithmetic_slip,1,1,1.0
qwen,gsm8k,zero_shot_baseline,zero_shot,distractor,1,1,1.0
qwen,gsm_ic,zero_shot_baseline,error_targeted_icl,drifting,34,30,0.8823529411764706
qwen,gsm_ic,zero_shot_baseline,error_targeted_icl,format_correct_wrong_answer,45,39,0.8666666666666667
qwen,gsm_ic,zero_shot_baseline,error_targeted_icl,multi_hop,20,19,0.95
qwen,gsm_ic,zero_shot_baseline,error_targeted_icl,confidently_wrong,22,18,0.8181818181818182
qwen,gsm_ic,zero_shot_baseline,error_targeted_icl,distractor,6,4,0.6666666666666666
qwen,gsm_ic,zero_shot_baseline,error_targeted_icl,negation,4,4,1.0
qwen,gsm_ic,zero_shot_baseline,error_targeted_icl,arithmetic_slip,1,0,0.0
qwen,gsm_ic,zero_shot_baseline,error_targeted_icl_correct_only,drifting,34,28,0.8235294117647058
qwen,gsm_ic,zero_shot_baseline,error_targeted_icl_correct_only,format_correct_wrong_answer,45,40,0.8888888888888888
qwen,gsm_ic,zero_shot_baseline,error_targeted_icl_correct_only,multi_hop,20,19,0.95
qwen,gsm_ic,zero_shot_baseline,error_targeted_icl_correct_only,confidently_wrong,22,20,0.9090909090909091
qwen,gsm_ic,zero_shot_baseline,error_targeted_icl_correct_only,distractor,6,5,0.8333333333333334
qwen,gsm_ic,zero_shot_baseline,error_targeted_icl_correct_only,negation,4,2,0.5
qwen,gsm_ic,zero_shot_baseline,error_targeted_icl_correct_only,arithmetic_slip,1,0,0.0
qwen,gsm_ic,zero_shot_baseline,error_targeted_icl_random,drifting,34,29,0.8529411764705882
qwen,gsm_ic,zero_shot_baseline,error_targeted_icl_random,format_correct_wrong_answer,45,35,0.7777777777777778
qwen,gsm_ic,zero_shot_baseline,error_targeted_icl_random,multi_hop,20,19,0.95
qwen,gsm_ic,zero_shot_baseline,error_targeted_icl_random,confidently_wrong,22,19,0.8636363636363636
qwen,gsm_ic,zero_shot_baseline,error_targeted_icl_random,distractor,6,5,0.8333333333333334
qwen,gsm_ic,zero_shot_baseline,error_targeted_icl_random,negation,4,4,1.0
qwen,gsm_ic,zero_shot_baseline,error_targeted_icl_random,arithmetic_slip,1,0,0.0
qwen,gsm_ic,zero_shot_baseline,random_few_shot,drifting,34,31,0.9117647058823529
qwen,gsm_ic,zero_shot_baseline,random_few_shot,format_correct_wrong_answer,45,42,0.9333333333333333
qwen,gsm_ic,zero_shot_baseline,random_few_shot,multi_hop,20,19,0.95
qwen,gsm_ic,zero_shot_baseline,random_few_shot,confidently_wrong,22,20,0.9090909090909091
qwen,gsm_ic,zero_shot_baseline,random_few_shot,distractor,6,5,0.8333333333333334
qwen,gsm_ic,zero_shot_baseline,random_few_shot,negation,4,4,1.0
qwen,gsm_ic,zero_shot_baseline,random_few_shot,arithmetic_slip,1,0,0.0
qwen,gsm_ic,zero_shot_baseline,self_consistency,drifting,34,24,0.7058823529411765
qwen,gsm_ic,zero_shot_baseline,self_consistency,format_correct_wrong_answer,45,23,0.5111111111111111
qwen,gsm_ic,zero_shot_baseline,self_consistency,multi_hop,20,16,0.8
qwen,gsm_ic,zero_shot_baseline,self_consistency,confidently_wrong,22,11,0.5
qwen,gsm_ic,zero_shot_baseline,self_consistency,distractor,6,3,0.5
qwen,gsm_ic,zero_shot_baseline,self_consistency,negation,4,2,0.5
qwen,gsm_ic,zero_shot_baseline,self_consistency,arithmetic_slip,1,0,0.0
qwen,gsm_ic,zero_shot_baseline,targeted_few_shot,drifting,34,18,0.5294117647058824
qwen,gsm_ic,zero_shot_baseline,targeted_few_shot,format_correct_wrong_answer,45,30,0.6666666666666666
qwen,gsm_ic,zero_shot_baseline,targeted_few_shot,multi_hop,20,14,0.7
qwen,gsm_ic,zero_shot_baseline,targeted_few_shot,confidently_wrong,22,18,0.8181818181818182
qwen,gsm_ic,zero_shot_baseline,targeted_few_shot,distractor,6,3,0.5
qwen,gsm_ic,zero_shot_baseline,targeted_few_shot,negation,4,1,0.25
qwen,gsm_ic,zero_shot_baseline,targeted_few_shot,arithmetic_slip,1,0,0.0
qwen,gsm_ic,zero_shot_baseline,targeted_few_shot_answer_only,drifting,34,25,0.7352941176470589
qwen,gsm_ic,zero_shot_baseline,targeted_few_shot_answer_only,format_correct_wrong_answer,45,37,0.8222222222222222
qwen,gsm_ic,zero_shot_baseline,targeted_few_shot_answer_only,multi_hop,20,13,0.65
qwen,gsm_ic,zero_shot_baseline,targeted_few_shot_answer_only,confidently_wrong,22,16,0.7272727272727273
qwen,gsm_ic,zero_shot_baseline,targeted_few_shot_answer_only,distractor,6,4,0.6666666666666666
qwen,gsm_ic,zero_shot_baseline,targeted_few_shot_answer_only,negation,4,4,1.0
qwen,gsm_ic,zero_shot_baseline,targeted_few_shot_answer_only,arithmetic_slip,1,0,0.0
qwen,gsm_ic,zero_shot_baseline,targeted_few_shot_k5,drifting,34,23,0.6764705882352942
qwen,gsm_ic,zero_shot_baseline,targeted_few_shot_k5,format_correct_wrong_answer,45,31,0.6888888888888889
qwen,gsm_ic,zero_shot_baseline,targeted_few_shot_k5,multi_hop,20,17,0.85
qwen,gsm_ic,zero_shot_baseline,targeted_few_shot_k5,confidently_wrong,22,17,0.7727272727272727
qwen,gsm_ic,zero_shot_baseline,targeted_few_shot_k5,distractor,6,3,0.5
qwen,gsm_ic,zero_shot_baseline,targeted_few_shot_k5,negation,4,3,0.75
qwen,gsm_ic,zero_shot_baseline,targeted_few_shot_k5,arithmetic_slip,1,0,0.0
qwen,gsm_ic,zero_shot_baseline,zero_shot,drifting,34,19,0.5588235294117647
qwen,gsm_ic,zero_shot_baseline,zero_shot,format_correct_wrong_answer,45,17,0.37777777777777777
qwen,gsm_ic,zero_shot_baseline,zero_shot,multi_hop,20,16,0.8
qwen,gsm_ic,zero_shot_baseline,zero_shot,confidently_wrong,22,9,0.4090909090909091
qwen,gsm_ic,zero_shot_baseline,zero_shot,distractor,6,2,0.3333333333333333
qwen,gsm_ic,zero_shot_baseline,zero_shot,negation,4,3,0.75
qwen,gsm_ic,zero_shot_baseline,zero_shot,arithmetic_slip,1,0,0.0
qwen,gsm_plus,zero_shot_baseline,error_targeted_icl,drifting,22,3,0.13636363636363635
qwen,gsm_plus,zero_shot_baseline,error_targeted_icl,format_correct_wrong_answer,46,35,0.7608695652173914
qwen,gsm_plus,zero_shot_baseline,error_targeted_icl,hallucination,16,0,0.0
qwen,gsm_plus,zero_shot_baseline,error_targeted_icl,negation,5,0,0.0
qwen,gsm_plus,zero_shot_baseline,error_targeted_icl,arithmetic_slip,4,0,0.0
qwen,gsm_plus,zero_shot_baseline,error_targeted_icl,distractor,9,1,0.1111111111111111
qwen,gsm_plus,zero_shot_baseline,error_targeted_icl_correct_only,drifting,22,3,0.13636363636363635
qwen,gsm_plus,zero_shot_baseline,error_targeted_icl_correct_only,format_correct_wrong_answer,46,35,0.7608695652173914
qwen,gsm_plus,zero_shot_baseline,error_targeted_icl_correct_only,hallucination,16,0,0.0
qwen,gsm_plus,zero_shot_baseline,error_targeted_icl_correct_only,negation,5,0,0.0
qwen,gsm_plus,zero_shot_baseline,error_targeted_icl_correct_only,arithmetic_slip,4,0,0.0
qwen,gsm_plus,zero_shot_baseline,error_targeted_icl_correct_only,distractor,9,1,0.1111111111111111
qwen,gsm_plus,zero_shot_baseline,error_targeted_icl_random,drifting,22,3,0.13636363636363635
qwen,gsm_plus,zero_shot_baseline,error_targeted_icl_random,format_correct_wrong_answer,46,28,0.6086956521739131
qwen,gsm_plus,zero_shot_baseline,error_targeted_icl_random,hallucination,16,0,0.0
qwen,gsm_plus,zero_shot_baseline,error_targeted_icl_random,negation,5,1,0.2
qwen,gsm_plus,zero_shot_baseline,error_targeted_icl_random,arithmetic_slip,4,3,0.75
qwen,gsm_plus,zero_shot_baseline,error_targeted_icl_random,distractor,9,1,0.1111111111111111
qwen,gsm_plus,zero_shot_baseline,random_few_shot,drifting,22,5,0.22727272727272727
qwen,gsm_plus,zero_shot_baseline,random_few_shot,format_correct_wrong_answer,46,38,0.8260869565217391
qwen,gsm_plus,zero_shot_baseline,random_few_shot,hallucination,16,0,0.0
qwen,gsm_plus,zero_shot_baseline,random_few_shot,negation,5,0,0.0
qwen,gsm_plus,zero_shot_baseline,random_few_shot,arithmetic_slip,4,0,0.0
qwen,gsm_plus,zero_shot_baseline,random_few_shot,distractor,9,1,0.1111111111111111
qwen,gsm_plus,zero_shot_baseline,self_consistency,drifting,22,2,0.09090909090909091
qwen,gsm_plus,zero_shot_baseline,self_consistency,format_correct_wrong_answer,46,9,0.1956521739130435
qwen,gsm_plus,zero_shot_baseline,self_consistency,hallucination,16,0,0.0
qwen,gsm_plus,zero_shot_baseline,self_consistency,negation,5,0,0.0
qwen,gsm_plus,zero_shot_baseline,self_consistency,arithmetic_slip,4,0,0.0
qwen,gsm_plus,zero_shot_baseline,self_consistency,distractor,9,1,0.1111111111111111
qwen,gsm_plus,zero_shot_baseline,targeted_few_shot,drifting,22,3,0.13636363636363635
qwen,gsm_plus,zero_shot_baseline,targeted_few_shot,format_correct_wrong_answer,46,27,0.5869565217391305
qwen,gsm_plus,zero_shot_baseline,targeted_few_shot,hallucination,16,0,0.0
qwen,gsm_plus,zero_shot_baseline,targeted_few_shot,negation,5,0,0.0
qwen,gsm_plus,zero_shot_baseline,targeted_few_shot,arithmetic_slip,4,0,0.0
qwen,gsm_plus,zero_shot_baseline,targeted_few_shot,distractor,9,0,0.0
qwen,gsm_plus,zero_shot_baseline,targeted_few_shot_answer_only,drifting,22,3,0.13636363636363635
qwen,gsm_plus,zero_shot_baseline,targeted_few_shot_answer_only,format_correct_wrong_answer,46,31,0.6739130434782609
qwen,gsm_plus,zero_shot_baseline,targeted_few_shot_answer_only,hallucination,16,0,0.0
qwen,gsm_plus,zero_shot_baseline,targeted_few_shot_answer_only,negation,5,0,0.0
qwen,gsm_plus,zero_shot_baseline,targeted_few_shot_answer_only,arithmetic_slip,4,0,0.0
qwen,gsm_plus,zero_shot_baseline,targeted_few_shot_answer_only,distractor,9,1,0.1111111111111111
qwen,gsm_plus,zero_shot_baseline,targeted_few_shot_k5,drifting,22,1,0.045454545454545456
qwen,gsm_plus,zero_shot_baseline,targeted_few_shot_k5,format_correct_wrong_answer,46,26,0.5652173913043478
qwen,gsm_plus,zero_shot_baseline,targeted_few_shot_k5,hallucination,16,0,0.0
qwen,gsm_plus,zero_shot_baseline,targeted_few_shot_k5,negation,5,0,0.0
qwen,gsm_plus,zero_shot_baseline,targeted_few_shot_k5,arithmetic_slip,4,0,0.0
qwen,gsm_plus,zero_shot_baseline,targeted_few_shot_k5,distractor,9,1,0.1111111111111111
qwen,gsm_plus,zero_shot_baseline,zero_shot,drifting,22,3,0.13636363636363635
qwen,gsm_plus,zero_shot_baseline,zero_shot,format_correct_wrong_answer,46,11,0.2391304347826087
qwen,gsm_plus,zero_shot_baseline,zero_shot,hallucination,16,0,0.0
qwen,gsm_plus,zero_shot_baseline,zero_shot,negation,5,0,0.0
qwen,gsm_plus,zero_shot_baseline,zero_shot,arithmetic_slip,4,0,0.0
qwen,gsm_plus,zero_shot_baseline,zero_shot,distractor,9,1,0.1111111111111111
qwen,gsm_symbolic,zero_shot_baseline,error_targeted_icl,hallucination,6,3,0.5
qwen,gsm_symbolic,zero_shot_baseline,error_targeted_icl,drifting,1,1,1.0
qwen,gsm_symbolic,zero_shot_baseline,error_targeted_icl,format_correct_wrong_answer,16,10,0.625
qwen,gsm_symbolic,zero_shot_baseline,error_targeted_icl,distractor,6,4,0.6666666666666666
qwen,gsm_symbolic,zero_shot_baseline,error_targeted_icl,arithmetic_slip,5,1,0.2
qwen,gsm_symbolic,zero_shot_baseline,error_targeted_icl_correct_only,hallucination,6,3,0.5
qwen,gsm_symbolic,zero_shot_baseline,error_targeted_icl_correct_only,drifting,1,1,1.0
qwen,gsm_symbolic,zero_shot_baseline,error_targeted_icl_correct_only,format_correct_wrong_answer,16,15,0.9375
qwen,gsm_symbolic,zero_shot_baseline,error_targeted_icl_correct_only,distractor,6,6,1.0
qwen,gsm_symbolic,zero_shot_baseline,error_targeted_icl_correct_only,arithmetic_slip,5,4,0.8
qwen,gsm_symbolic,zero_shot_baseline,error_targeted_icl_random,hallucination,6,4,0.6666666666666666
qwen,gsm_symbolic,zero_shot_baseline,error_targeted_icl_random,drifting,1,1,1.0
qwen,gsm_symbolic,zero_shot_baseline,error_targeted_icl_random,format_correct_wrong_answer,16,11,0.6875
qwen,gsm_symbolic,zero_shot_baseline,error_targeted_icl_random,distractor,6,4,0.6666666666666666
qwen,gsm_symbolic,zero_shot_baseline,error_targeted_icl_random,arithmetic_slip,5,1,0.2
qwen,gsm_symbolic,zero_shot_baseline,random_few_shot,hallucination,6,3,0.5
qwen,gsm_symbolic,zero_shot_baseline,random_few_shot,drifting,1,1,1.0
qwen,gsm_symbolic,zero_shot_baseline,random_few_shot,format_correct_wrong_answer,16,7,0.4375
qwen,gsm_symbolic,zero_shot_baseline,random_few_shot,distractor,6,3,0.5
qwen,gsm_symbolic,zero_shot_baseline,random_few_shot,arithmetic_slip,5,3,0.6
qwen,gsm_symbolic,zero_shot_baseline,self_consistency,hallucination,6,2,0.3333333333333333
qwen,gsm_symbolic,zero_shot_baseline,self_consistency,drifting,1,1,1.0
qwen,gsm_symbolic,zero_shot_baseline,self_consistency,format_correct_wrong_answer,16,15,0.9375
qwen,gsm_symbolic,zero_shot_baseline,self_consistency,distractor,6,6,1.0
qwen,gsm_symbolic,zero_shot_baseline,self_consistency,arithmetic_slip,5,4,0.8
qwen,gsm_symbolic,zero_shot_baseline,targeted_few_shot,hallucination,6,2,0.3333333333333333
qwen,gsm_symbolic,zero_shot_baseline,targeted_few_shot,drifting,1,1,1.0
qwen,gsm_symbolic,zero_shot_baseline,targeted_few_shot,format_correct_wrong_answer,16,14,0.875
qwen,gsm_symbolic,zero_shot_baseline,targeted_few_shot,distractor,6,5,0.8333333333333334
qwen,gsm_symbolic,zero_shot_baseline,targeted_few_shot,arithmetic_slip,5,2,0.4
qwen,gsm_symbolic,zero_shot_baseline,targeted_few_shot_answer_only,hallucination,6,3,0.5
qwen,gsm_symbolic,zero_shot_baseline,targeted_few_shot_answer_only,drifting,1,1,1.0
qwen,gsm_symbolic,zero_shot_baseline,targeted_few_shot_answer_only,format_correct_wrong_answer,16,3,0.1875
qwen,gsm_symbolic,zero_shot_baseline,targeted_few_shot_answer_only,distractor,6,1,0.16666666666666666
qwen,gsm_symbolic,zero_shot_baseline,targeted_few_shot_answer_only,arithmetic_slip,5,2,0.4
qwen,gsm_symbolic,zero_shot_baseline,targeted_few_shot_k5,hallucination,6,2,0.3333333333333333
qwen,gsm_symbolic,zero_shot_baseline,targeted_few_shot_k5,drifting,1,1,1.0
qwen,gsm_symbolic,zero_shot_baseline,targeted_few_shot_k5,format_correct_wrong_answer,16,16,1.0
qwen,gsm_symbolic,zero_shot_baseline,targeted_few_shot_k5,distractor,6,5,0.8333333333333334
qwen,gsm_symbolic,zero_shot_baseline,targeted_few_shot_k5,arithmetic_slip,5,3,0.6
qwen,gsm_symbolic,zero_shot_baseline,zero_shot,hallucination,6,1,0.16666666666666666
qwen,gsm_symbolic,zero_shot_baseline,zero_shot,drifting,1,0,0.0
qwen,gsm_symbolic,zero_shot_baseline,zero_shot,format_correct_wrong_answer,16,11,0.6875
qwen,gsm_symbolic,zero_shot_baseline,zero_shot,distractor,6,4,0.6666666666666666
qwen,gsm_symbolic,zero_shot_baseline,zero_shot,arithmetic_slip,5,4,0.8
